Looking to launch executable "/home/ritika/miniconda3/bin/bwa-mem2.avx2", simd = .avx2
Launching executable "/home/ritika/miniconda3/bin/bwa-mem2.avx2"
-----------------------------
Executing in AVX2 mode!!
-----------------------------
* SA compression enabled with xfactor: 8
* Ref file: reference/GRCh38_chr22/chr22.fa
* Entering FMI_search
* Index file found. Loading index from reference/GRCh38_chr22/chr22.fa.bwt.2bit.64
* Reference seq len for bi-index = 101636937
* sentinel-index: 42474369
* Count:
0,	1
1,	26582202
2,	50818469
3,	75054736
4,	101636937

* Reading other elements of the index from files reference/GRCh38_chr22/chr22.fa
* Index prefix: reference/GRCh38_chr22/chr22.fa
* Read 0 ALT contigs
* Done reading Index!!
* Reading reference genome..
* Binary seq file = reference/GRCh38_chr22/chr22.fa.0123
* Reference genome size: 101636936 bp
* Done reading reference genome !!

------------------------------------------
1. Memory pre-allocation for Chaining: 13.9537 MB
2. Memory pre-allocation for BSW: 239.6170 MB
3. Memory pre-allocation for BWT: 77.3142 MB
------------------------------------------
* Threads used (compute): 1
* No. of pipeline threads: 2

[0000] read_chunk: 1000000, work_chunk_size: 1000184, nseq: 6758
	[0000][ M::kt_pipeline] read 6758 sequences (1000184 bp)...
[0000] Reallocating initial memory allocations!!
[0000] Calling mem_process_seqs.., task: 0
[0000] 1. Calling kt_for - worker_bwt
[0000] read_chunk: 1000000, work_chunk_size: 1000184, nseq: 6758
	[0000][ M::kt_pipeline] read 6758 sequences (1000184 bp)...
[0000] 2. Calling kt_for - worker_aln
[0000] Inferring insert size distribution of PE reads from data, l_pac: 50818468, n: 6758
[0000][PE] # candidate unique pairs for (FF, FR, RF, RR): (0, 74, 3, 0)
[0000][PE] skip orientation FF as there are not enough pairs
[0000][PE] analyzing insert size distribution for orientation FR...
[0000][PE] (25, 50, 75) percentile: (377, 534, 676)
[0000][PE] low and high boundaries for computing mean and std.dev: (1, 1274)
[0000][PE] mean and std.dev: (500.15, 216.01)
[0000][PE] low and high boundaries for proper pairs: (1, 1573)
[0000][PE] skip orientation RF as there are not enough pairs
[0000][PE] skip orientation RR as there are not enough pairs
[0000] 3. Calling kt_for - worker_sam
	[0000][ M::mem_process_seqs] Processed 6758 reads in 4.562 CPU sec, 4.680 real sec
[0000] Calling mem_process_seqs.., task: 1
[0000] 1. Calling kt_for - worker_bwt
[0000] read_chunk: 1000000, work_chunk_size: 1000184, nseq: 6758
	[0000][ M::kt_pipeline] read 6758 sequences (1000184 bp)...
[0000] 2. Calling kt_for - worker_aln
[0000] Inferring insert size distribution of PE reads from data, l_pac: 50818468, n: 6758
[0000][PE] # candidate unique pairs for (FF, FR, RF, RR): (0, 56, 5, 0)
[0000][PE] skip orientation FF as there are not enough pairs
[0000][PE] analyzing insert size distribution for orientation FR...
[0000][PE] (25, 50, 75) percentile: (347, 523, 676)
[0000][PE] low and high boundaries for computing mean and std.dev: (1, 1334)
[0000][PE] mean and std.dev: (492.67, 232.70)
[0000][PE] low and high boundaries for proper pairs: (1, 1663)
[0000][PE] skip orientation RF as there are not enough pairs
[0000][PE] skip orientation RR as there are not enough pairs
[0000] 3. Calling kt_for - worker_sam
	[0000][ M::mem_process_seqs] Processed 6758 reads in 4.280 CPU sec, 4.353 real sec
[0000] Calling mem_process_seqs.., task: 2
[0000] 1. Calling kt_for - worker_bwt
[0000] read_chunk: 1000000, work_chunk_size: 1000184, nseq: 6758
	[0000][ M::kt_pipeline] read 6758 sequences (1000184 bp)...
[0000] 2. Calling kt_for - worker_aln
[0000] Inferring insert size distribution of PE reads from data, l_pac: 50818468, n: 6758
[0000][PE] # candidate unique pairs for (FF, FR, RF, RR): (0, 55, 8, 0)
[0000][PE] skip orientation FF as there are not enough pairs
[0000][PE] analyzing insert size distribution for orientation FR...
[0000][PE] (25, 50, 75) percentile: (281, 472, 659)
[0000][PE] low and high boundaries for computing mean and std.dev: (1, 1415)
[0000][PE] mean and std.dev: (462.91, 251.40)
[0000][PE] low and high boundaries for proper pairs: (1, 1793)
[0000][PE] skip orientation RF as there are not enough pairs
[0000][PE] skip orientation RR as there are not enough pairs
[0000] 3. Calling kt_for - worker_sam
	[0000][ M::mem_process_seqs] Processed 6758 reads in 3.922 CPU sec, 3.907 real sec
[0000] Calling mem_process_seqs.., task: 3
[0000] 1. Calling kt_for - worker_bwt
[0000] read_chunk: 1000000, work_chunk_size: 1000184, nseq: 6758
	[0000][ M::kt_pipeline] read 6758 sequences (1000184 bp)...
[0000] 2. Calling kt_for - worker_aln
[0000] Inferring insert size distribution of PE reads from data, l_pac: 50818468, n: 6758
[0000][PE] # candidate unique pairs for (FF, FR, RF, RR): (0, 76, 3, 0)
[0000][PE] skip orientation FF as there are not enough pairs
[0000][PE] analyzing insert size distribution for orientation FR...
[0000][PE] (25, 50, 75) percentile: (422, 527, 614)
[0000][PE] low and high boundaries for computing mean and std.dev: (38, 998)
[0000][PE] mean and std.dev: (494.36, 182.46)
[0000][PE] low and high boundaries for proper pairs: (1, 1224)
[0000][PE] skip orientation RF as there are not enough pairs
[0000][PE] skip orientation RR as there are not enough pairs
[0000] 3. Calling kt_for - worker_sam
	[0000][ M::mem_process_seqs] Processed 6758 reads in 3.863 CPU sec, 3.965 real sec
[0000] Calling mem_process_seqs.., task: 4
[0000] 1. Calling kt_for - worker_bwt
[0000] read_chunk: 1000000, work_chunk_size: 1000184, nseq: 6758
	[0000][ M::kt_pipeline] read 6758 sequences (1000184 bp)...
[0000] 2. Calling kt_for - worker_aln
[0000] Inferring insert size distribution of PE reads from data, l_pac: 50818468, n: 6758
[0000][PE] # candidate unique pairs for (FF, FR, RF, RR): (0, 76, 6, 0)
[0000][PE] skip orientation FF as there are not enough pairs
[0000][PE] analyzing insert size distribution for orientation FR...
[0000][PE] (25, 50, 75) percentile: (408, 534, 669)
[0000][PE] low and high boundaries for computing mean and std.dev: (1, 1191)
[0000][PE] mean and std.dev: (525.67, 197.64)
[0000][PE] low and high boundaries for proper pairs: (1, 1452)
[0000][PE] skip orientation RF as there are not enough pairs
[0000][PE] skip orientation RR as there are not enough pairs
[0000] 3. Calling kt_for - worker_sam
	[0000][ M::mem_process_seqs] Processed 6758 reads in 3.955 CPU sec, 2.899 real sec
[0000] Calling mem_process_seqs.., task: 5
[0000] 1. Calling kt_for - worker_bwt
[0000] read_chunk: 1000000, work_chunk_size: 1000184, nseq: 6758
	[0000][ M::kt_pipeline] read 6758 sequences (1000184 bp)...
[0000] 2. Calling kt_for - worker_aln
[0000] Inferring insert size distribution of PE reads from data, l_pac: 50818468, n: 6758
[0000][PE] # candidate unique pairs for (FF, FR, RF, RR): (0, 59, 3, 1)
[0000][PE] skip orientation FF as there are not enough pairs
[0000][PE] analyzing insert size distribution for orientation FR...
[0000][PE] (25, 50, 75) percentile: (390, 539, 705)
[0000][PE] low and high boundaries for computing mean and std.dev: (1, 1335)
[0000][PE] mean and std.dev: (535.17, 213.04)
[0000][PE] low and high boundaries for proper pairs: (1, 1650)
[0000][PE] skip orientation RF as there are not enough pairs
[0000][PE] skip orientation RR as there are not enough pairs
[0000] 3. Calling kt_for - worker_sam
	[0000][ M::mem_process_seqs] Processed 6758 reads in 4.021 CPU sec, 4.127 real sec
[0000] Calling mem_process_seqs.., task: 6
[0000] 1. Calling kt_for - worker_bwt
[0000] read_chunk: 1000000, work_chunk_size: 1000184, nseq: 6758
	[0000][ M::kt_pipeline] read 6758 sequences (1000184 bp)...
[0000] 2. Calling kt_for - worker_aln
[0000] Inferring insert size distribution of PE reads from data, l_pac: 50818468, n: 6758
[0000][PE] # candidate unique pairs for (FF, FR, RF, RR): (0, 70, 3, 0)
[0000][PE] skip orientation FF as there are not enough pairs
[0000][PE] analyzing insert size distribution for orientation FR...
[0000][PE] (25, 50, 75) percentile: (271, 517, 675)
[0000][PE] low and high boundaries for computing mean and std.dev: (1, 1483)
[0000][PE] mean and std.dev: (460.43, 240.90)
[0000][PE] low and high boundaries for proper pairs: (1, 1887)
[0000][PE] skip orientation RF as there are not enough pairs
[0000][PE] skip orientation RR as there are not enough pairs
[0000] 3. Calling kt_for - worker_sam
	[0000][ M::mem_process_seqs] Processed 6758 reads in 4.056 CPU sec, 4.168 real sec
[0000] Calling mem_process_seqs.., task: 7
[0000] 1. Calling kt_for - worker_bwt
[0000] read_chunk: 1000000, work_chunk_size: 1000184, nseq: 6758
	[0000][ M::kt_pipeline] read 6758 sequences (1000184 bp)...
[0000] 2. Calling kt_for - worker_aln
[0000] Inferring insert size distribution of PE reads from data, l_pac: 50818468, n: 6758
[0000][PE] # candidate unique pairs for (FF, FR, RF, RR): (1, 69, 4, 0)
[0000][PE] skip orientation FF as there are not enough pairs
[0000][PE] analyzing insert size distribution for orientation FR...
[0000][PE] (25, 50, 75) percentile: (409, 542, 667)
[0000][PE] low and high boundaries for computing mean and std.dev: (1, 1183)
[0000][PE] mean and std.dev: (517.70, 223.11)
[0000][PE] low and high boundaries for proper pairs: (1, 1441)
[0000][PE] skip orientation RF as there are not enough pairs
[0000][PE] skip orientation RR as there are not enough pairs
[0000] 3. Calling kt_for - worker_sam
	[0000][ M::mem_process_seqs] Processed 6758 reads in 4.230 CPU sec, 4.347 real sec
[0000] Calling mem_process_seqs.., task: 8
[0000] 1. Calling kt_for - worker_bwt
[0000] read_chunk: 1000000, work_chunk_size: 1000184, nseq: 6758
	[0000][ M::kt_pipeline] read 6758 sequences (1000184 bp)...
[0000] 2. Calling kt_for - worker_aln
[0000] Inferring insert size distribution of PE reads from data, l_pac: 50818468, n: 6758
[0000][PE] # candidate unique pairs for (FF, FR, RF, RR): (0, 72, 4, 0)
[0000][PE] skip orientation FF as there are not enough pairs
[0000][PE] analyzing insert size distribution for orientation FR...
[0000][PE] (25, 50, 75) percentile: (346, 559, 652)
[0000][PE] low and high boundaries for computing mean and std.dev: (1, 1264)
[0000][PE] mean and std.dev: (513.08, 244.92)
[0000][PE] low and high boundaries for proper pairs: (1, 1570)
[0000][PE] skip orientation RF as there are not enough pairs
[0000][PE] skip orientation RR as there are not enough pairs
[0000] 3. Calling kt_for - worker_sam
	[0000][ M::mem_process_seqs] Processed 6758 reads in 8.841 CPU sec, 9.108 real sec
[0000] Calling mem_process_seqs.., task: 9
[0000] 1. Calling kt_for - worker_bwt
[0000] read_chunk: 1000000, work_chunk_size: 1000184, nseq: 6758
	[0000][ M::kt_pipeline] read 6758 sequences (1000184 bp)...
[0000] 2. Calling kt_for - worker_aln
[0000] Inferring insert size distribution of PE reads from data, l_pac: 50818468, n: 6758
[0000][PE] # candidate unique pairs for (FF, FR, RF, RR): (0, 59, 2, 0)
[0000][PE] skip orientation FF as there are not enough pairs
[0000][PE] analyzing insert size distribution for orientation FR...
[0000][PE] (25, 50, 75) percentile: (430, 532, 654)
[0000][PE] low and high boundaries for computing mean and std.dev: (1, 1102)
[0000][PE] mean and std.dev: (503.93, 229.45)
[0000][PE] low and high boundaries for proper pairs: (1, 1422)
[0000][PE] skip orientation RF as there are not enough pairs
[0000][PE] skip orientation RR as there are not enough pairs
[0000] 3. Calling kt_for - worker_sam
	[0000][ M::mem_process_seqs] Processed 6758 reads in 5.877 CPU sec, 6.013 real sec
[0000] Calling mem_process_seqs.., task: 10
[0000] 1. Calling kt_for - worker_bwt
[0000] read_chunk: 1000000, work_chunk_size: 1000184, nseq: 6758
	[0000][ M::kt_pipeline] read 6758 sequences (1000184 bp)...
[0000] 2. Calling kt_for - worker_aln
[0000] Inferring insert size distribution of PE reads from data, l_pac: 50818468, n: 6758
[0000][PE] # candidate unique pairs for (FF, FR, RF, RR): (0, 71, 5, 0)
[0000][PE] skip orientation FF as there are not enough pairs
[0000][PE] analyzing insert size distribution for orientation FR...
[0000][PE] (25, 50, 75) percentile: (388, 484, 606)
[0000][PE] low and high boundaries for computing mean and std.dev: (1, 1042)
[0000][PE] mean and std.dev: (472.08, 194.31)
[0000][PE] low and high boundaries for proper pairs: (1, 1260)
[0000][PE] skip orientation RF as there are not enough pairs
[0000][PE] skip orientation RR as there are not enough pairs
[0000] 3. Calling kt_for - worker_sam
	[0000][ M::mem_process_seqs] Processed 6758 reads in 4.857 CPU sec, 3.745 real sec
[0000] Calling mem_process_seqs.., task: 11
[0000] 1. Calling kt_for - worker_bwt
[0000] read_chunk: 1000000, work_chunk_size: 1000184, nseq: 6758
	[0000][ M::kt_pipeline] read 6758 sequences (1000184 bp)...
[0000] 2. Calling kt_for - worker_aln
[0000] Inferring insert size distribution of PE reads from data, l_pac: 50818468, n: 6758
[0000][PE] # candidate unique pairs for (FF, FR, RF, RR): (0, 69, 2, 0)
[0000][PE] skip orientation FF as there are not enough pairs
[0000][PE] analyzing insert size distribution for orientation FR...
[0000][PE] (25, 50, 75) percentile: (384, 510, 644)
[0000][PE] low and high boundaries for computing mean and std.dev: (1, 1164)
[0000][PE] mean and std.dev: (500.38, 176.55)
[0000][PE] low and high boundaries for proper pairs: (1, 1424)
[0000][PE] skip orientation RF as there are not enough pairs
[0000][PE] skip orientation RR as there are not enough pairs
[0000] 3. Calling kt_for - worker_sam
	[0000][ M::mem_process_seqs] Processed 6758 reads in 5.019 CPU sec, 5.159 real sec
[0000] Calling mem_process_seqs.., task: 12
[0000] 1. Calling kt_for - worker_bwt
[0000] read_chunk: 1000000, work_chunk_size: 1000184, nseq: 6758
	[0000][ M::kt_pipeline] read 6758 sequences (1000184 bp)...
[0000] 2. Calling kt_for - worker_aln
[0000] Inferring insert size distribution of PE reads from data, l_pac: 50818468, n: 6758
[0000][PE] # candidate unique pairs for (FF, FR, RF, RR): (0, 53, 3, 0)
[0000][PE] skip orientation FF as there are not enough pairs
[0000][PE] analyzing insert size distribution for orientation FR...
[0000][PE] (25, 50, 75) percentile: (342, 480, 636)
[0000][PE] low and high boundaries for computing mean and std.dev: (1, 1224)
[0000][PE] mean and std.dev: (469.25, 213.00)
[0000][PE] low and high boundaries for proper pairs: (1, 1518)
[0000][PE] skip orientation RF as there are not enough pairs
[0000][PE] skip orientation RR as there are not enough pairs
[0000] 3. Calling kt_for - worker_sam
	[0000][ M::mem_process_seqs] Processed 6758 reads in 4.883 CPU sec, 5.005 real sec
[0000] Calling mem_process_seqs.., task: 13
[0000] 1. Calling kt_for - worker_bwt
[0000] read_chunk: 1000000, work_chunk_size: 1000184, nseq: 6758
	[0000][ M::kt_pipeline] read 6758 sequences (1000184 bp)...
[0000] 2. Calling kt_for - worker_aln
[0000] Inferring insert size distribution of PE reads from data, l_pac: 50818468, n: 6758
[0000][PE] # candidate unique pairs for (FF, FR, RF, RR): (0, 63, 4, 0)
[0000][PE] skip orientation FF as there are not enough pairs
[0000][PE] analyzing insert size distribution for orientation FR...
[0000][PE] (25, 50, 75) percentile: (393, 532, 653)
[0000][PE] low and high boundaries for computing mean and std.dev: (1, 1173)
[0000][PE] mean and std.dev: (483.33, 224.77)
[0000][PE] low and high boundaries for proper pairs: (1, 1433)
[0000][PE] skip orientation RF as there are not enough pairs
[0000][PE] skip orientation RR as there are not enough pairs
[0000] 3. Calling kt_for - worker_sam
	[0000][ M::mem_process_seqs] Processed 6758 reads in 5.762 CPU sec, 5.939 real sec
[0000] Calling mem_process_seqs.., task: 14
[0000] 1. Calling kt_for - worker_bwt
[0000] read_chunk: 1000000, work_chunk_size: 1000184, nseq: 6758
	[0000][ M::kt_pipeline] read 6758 sequences (1000184 bp)...
[0000] 2. Calling kt_for - worker_aln
[0000] Inferring insert size distribution of PE reads from data, l_pac: 50818468, n: 6758
[0000][PE] # candidate unique pairs for (FF, FR, RF, RR): (0, 48, 2, 0)
[0000][PE] skip orientation FF as there are not enough pairs
[0000][PE] analyzing insert size distribution for orientation FR...
[0000][PE] (25, 50, 75) percentile: (399, 583, 673)
[0000][PE] low and high boundaries for computing mean and std.dev: (1, 1221)
[0000][PE] mean and std.dev: (531.10, 208.88)
[0000][PE] low and high boundaries for proper pairs: (1, 1495)
[0000][PE] skip orientation RF as there are not enough pairs
[0000][PE] skip orientation RR as there are not enough pairs
[0000] 3. Calling kt_for - worker_sam
	[0000][ M::mem_process_seqs] Processed 6758 reads in 4.658 CPU sec, 4.860 real sec
[0000] Calling mem_process_seqs.., task: 15
[0000] 1. Calling kt_for - worker_bwt
[0000] read_chunk: 1000000, work_chunk_size: 1000184, nseq: 6758
	[0000][ M::kt_pipeline] read 6758 sequences (1000184 bp)...
[0000] 2. Calling kt_for - worker_aln
[0000] Inferring insert size distribution of PE reads from data, l_pac: 50818468, n: 6758
[0000][PE] # candidate unique pairs for (FF, FR, RF, RR): (0, 72, 9, 0)
[0000][PE] skip orientation FF as there are not enough pairs
[0000][PE] analyzing insert size distribution for orientation FR...
[0000][PE] (25, 50, 75) percentile: (390, 525, 653)
[0000][PE] low and high boundaries for computing mean and std.dev: (1, 1179)
[0000][PE] mean and std.dev: (503.65, 200.34)
[0000][PE] low and high boundaries for proper pairs: (1, 1442)
[0000][PE] skip orientation RF as there are not enough pairs
[0000][PE] skip orientation RR as there are not enough pairs
[0000] 3. Calling kt_for - worker_sam
	[0000][ M::mem_process_seqs] Processed 6758 reads in 4.722 CPU sec, 4.886 real sec
[0000] Calling mem_process_seqs.., task: 16
[0000] 1. Calling kt_for - worker_bwt
[0000] read_chunk: 1000000, work_chunk_size: 1000184, nseq: 6758
	[0000][ M::kt_pipeline] read 6758 sequences (1000184 bp)...
[0000] 2. Calling kt_for - worker_aln
[0000] Inferring insert size distribution of PE reads from data, l_pac: 50818468, n: 6758
[0000][PE] # candidate unique pairs for (FF, FR, RF, RR): (0, 63, 4, 0)
[0000][PE] skip orientation FF as there are not enough pairs
[0000][PE] analyzing insert size distribution for orientation FR...
[0000][PE] (25, 50, 75) percentile: (285, 479, 594)
[0000][PE] low and high boundaries for computing mean and std.dev: (1, 1212)
[0000][PE] mean and std.dev: (444.44, 218.68)
[0000][PE] low and high boundaries for proper pairs: (1, 1521)
[0000][PE] skip orientation RF as there are not enough pairs
[0000][PE] skip orientation RR as there are not enough pairs
[0000] 3. Calling kt_for - worker_sam
	[0000][ M::mem_process_seqs] Processed 6758 reads in 4.150 CPU sec, 4.214 real sec
[0000] Calling mem_process_seqs.., task: 17
[0000] 1. Calling kt_for - worker_bwt
[0000] read_chunk: 1000000, work_chunk_size: 1000184, nseq: 6758
	[0000][ M::kt_pipeline] read 6758 sequences (1000184 bp)...
[0000] 2. Calling kt_for - worker_aln
[0000] Inferring insert size distribution of PE reads from data, l_pac: 50818468, n: 6758
[0000][PE] # candidate unique pairs for (FF, FR, RF, RR): (0, 56, 7, 0)
[0000][PE] skip orientation FF as there are not enough pairs
[0000][PE] analyzing insert size distribution for orientation FR...
[0000][PE] (25, 50, 75) percentile: (379, 519, 627)
[0000][PE] low and high boundaries for computing mean and std.dev: (1, 1123)
[0000][PE] mean and std.dev: (463.32, 220.11)
[0000][PE] low and high boundaries for proper pairs: (1, 1371)
[0000][PE] skip orientation RF as there are not enough pairs
[0000][PE] skip orientation RR as there are not enough pairs
[0000] 3. Calling kt_for - worker_sam
	[0000][ M::mem_process_seqs] Processed 6758 reads in 4.360 CPU sec, 3.070 real sec
[0000] Calling mem_process_seqs.., task: 18
[0000] 1. Calling kt_for - worker_bwt
[0000] read_chunk: 1000000, work_chunk_size: 1000184, nseq: 6758
	[0000][ M::kt_pipeline] read 6758 sequences (1000184 bp)...
[0000] 2. Calling kt_for - worker_aln
[0000] Inferring insert size distribution of PE reads from data, l_pac: 50818468, n: 6758
[0000][PE] # candidate unique pairs for (FF, FR, RF, RR): (0, 68, 3, 0)
[0000][PE] skip orientation FF as there are not enough pairs
[0000][PE] analyzing insert size distribution for orientation FR...
[0000][PE] (25, 50, 75) percentile: (407, 550, 637)
[0000][PE] low and high boundaries for computing mean and std.dev: (1, 1097)
[0000][PE] mean and std.dev: (503.88, 202.06)
[0000][PE] low and high boundaries for proper pairs: (1, 1327)
[0000][PE] skip orientation RF as there are not enough pairs
[0000][PE] skip orientation RR as there are not enough pairs
[0000] 3. Calling kt_for - worker_sam
	[0000][ M::mem_process_seqs] Processed 6758 reads in 4.541 CPU sec, 4.614 real sec
[0000] Calling mem_process_seqs.., task: 19
[0000] 1. Calling kt_for - worker_bwt
[0000] read_chunk: 1000000, work_chunk_size: 1000184, nseq: 6758
	[0000][ M::kt_pipeline] read 6758 sequences (1000184 bp)...
[0000] 2. Calling kt_for - worker_aln
[0000] Inferring insert size distribution of PE reads from data, l_pac: 50818468, n: 6758
[0000][PE] # candidate unique pairs for (FF, FR, RF, RR): (0, 65, 6, 0)
[0000][PE] skip orientation FF as there are not enough pairs
[0000][PE] analyzing insert size distribution for orientation FR...
[0000][PE] (25, 50, 75) percentile: (376, 527, 666)
[0000][PE] low and high boundaries for computing mean and std.dev: (1, 1246)
[0000][PE] mean and std.dev: (512.84, 213.97)
[0000][PE] low and high boundaries for proper pairs: (1, 1536)
[0000][PE] skip orientation RF as there are not enough pairs
[0000][PE] skip orientation RR as there are not enough pairs
[0000] 3. Calling kt_for - worker_sam
	[0000][ M::mem_process_seqs] Processed 6758 reads in 4.633 CPU sec, 4.769 real sec
[0000] Calling mem_process_seqs.., task: 20
[0000] 1. Calling kt_for - worker_bwt
[0000] read_chunk: 1000000, work_chunk_size: 1000184, nseq: 6758
	[0000][ M::kt_pipeline] read 6758 sequences (1000184 bp)...
[0000] 2. Calling kt_for - worker_aln
[0000] Inferring insert size distribution of PE reads from data, l_pac: 50818468, n: 6758
[0000][PE] # candidate unique pairs for (FF, FR, RF, RR): (0, 62, 6, 0)
[0000][PE] skip orientation FF as there are not enough pairs
[0000][PE] analyzing insert size distribution for orientation FR...
[0000][PE] (25, 50, 75) percentile: (370, 546, 691)
[0000][PE] low and high boundaries for computing mean and std.dev: (1, 1333)
[0000][PE] mean and std.dev: (524.50, 233.87)
[0000][PE] low and high boundaries for proper pairs: (1, 1654)
[0000][PE] skip orientation RF as there are not enough pairs
[0000][PE] skip orientation RR as there are not enough pairs
[0000] 3. Calling kt_for - worker_sam
	[0000][ M::mem_process_seqs] Processed 6758 reads in 4.866 CPU sec, 5.068 real sec
[0000] Calling mem_process_seqs.., task: 21
[0000] 1. Calling kt_for - worker_bwt
[0000] read_chunk: 1000000, work_chunk_size: 1000184, nseq: 6758
	[0000][ M::kt_pipeline] read 6758 sequences (1000184 bp)...
[0000] 2. Calling kt_for - worker_aln
[0000] Inferring insert size distribution of PE reads from data, l_pac: 50818468, n: 6758
[0000][PE] # candidate unique pairs for (FF, FR, RF, RR): (1, 55, 5, 0)
[0000][PE] skip orientation FF as there are not enough pairs
[0000][PE] analyzing insert size distribution for orientation FR...
[0000][PE] (25, 50, 75) percentile: (338, 530, 668)
[0000][PE] low and high boundaries for computing mean and std.dev: (1, 1328)
[0000][PE] mean and std.dev: (486.44, 233.10)
[0000][PE] low and high boundaries for proper pairs: (1, 1658)
[0000][PE] skip orientation RF as there are not enough pairs
[0000][PE] skip orientation RR as there are not enough pairs
[0000] 3. Calling kt_for - worker_sam
	[0000][ M::mem_process_seqs] Processed 6758 reads in 5.251 CPU sec, 5.463 real sec
[0000] Calling mem_process_seqs.., task: 22
[0000] 1. Calling kt_for - worker_bwt
[0000] read_chunk: 1000000, work_chunk_size: 1000184, nseq: 6758
	[0000][ M::kt_pipeline] read 6758 sequences (1000184 bp)...
[0000] 2. Calling kt_for - worker_aln
[0000] Inferring insert size distribution of PE reads from data, l_pac: 50818468, n: 6758
[0000][PE] # candidate unique pairs for (FF, FR, RF, RR): (0, 56, 5, 0)
[0000][PE] skip orientation FF as there are not enough pairs
[0000][PE] analyzing insert size distribution for orientation FR...
[0000][PE] (25, 50, 75) percentile: (477, 579, 705)
[0000][PE] low and high boundaries for computing mean and std.dev: (21, 1161)
[0000][PE] mean and std.dev: (545.24, 203.04)
[0000][PE] low and high boundaries for proper pairs: (1, 1389)
[0000][PE] skip orientation RF as there are not enough pairs
[0000][PE] skip orientation RR as there are not enough pairs
[0000] 3. Calling kt_for - worker_sam
	[0000][ M::mem_process_seqs] Processed 6758 reads in 5.018 CPU sec, 5.174 real sec
[0000] Calling mem_process_seqs.., task: 23
[0000] 1. Calling kt_for - worker_bwt
[0000] read_chunk: 1000000, work_chunk_size: 1000184, nseq: 6758
	[0000][ M::kt_pipeline] read 6758 sequences (1000184 bp)...
[0000] 2. Calling kt_for - worker_aln
[0000] Inferring insert size distribution of PE reads from data, l_pac: 50818468, n: 6758
[0000][PE] # candidate unique pairs for (FF, FR, RF, RR): (0, 56, 4, 0)
[0000][PE] skip orientation FF as there are not enough pairs
[0000][PE] analyzing insert size distribution for orientation FR...
[0000][PE] (25, 50, 75) percentile: (348, 498, 615)
[0000][PE] low and high boundaries for computing mean and std.dev: (1, 1149)
[0000][PE] mean and std.dev: (484.95, 221.85)
[0000][PE] low and high boundaries for proper pairs: (1, 1416)
[0000][PE] skip orientation RF as there are not enough pairs
[0000][PE] skip orientation RR as there are not enough pairs
[0000] 3. Calling kt_for - worker_sam
	[0000][ M::mem_process_seqs] Processed 6758 reads in 4.913 CPU sec, 3.706 real sec
[0000] Calling mem_process_seqs.., task: 24
[0000] 1. Calling kt_for - worker_bwt
[0000] read_chunk: 1000000, work_chunk_size: 1000184, nseq: 6758
	[0000][ M::kt_pipeline] read 6758 sequences (1000184 bp)...
[0000] 2. Calling kt_for - worker_aln
[0000] Inferring insert size distribution of PE reads from data, l_pac: 50818468, n: 6758
[0000][PE] # candidate unique pairs for (FF, FR, RF, RR): (0, 72, 5, 0)
[0000][PE] skip orientation FF as there are not enough pairs
[0000][PE] analyzing insert size distribution for orientation FR...
[0000][PE] (25, 50, 75) percentile: (398, 544, 642)
[0000][PE] low and high boundaries for computing mean and std.dev: (1, 1130)
[0000][PE] mean and std.dev: (511.38, 206.70)
[0000][PE] low and high boundaries for proper pairs: (1, 1374)
[0000][PE] skip orientation RF as there are not enough pairs
[0000][PE] skip orientation RR as there are not enough pairs
[0000] 3. Calling kt_for - worker_sam
	[0000][ M::mem_process_seqs] Processed 6758 reads in 6.289 CPU sec, 6.440 real sec
[0000] Calling mem_process_seqs.., task: 25
[0000] 1. Calling kt_for - worker_bwt
[0000] read_chunk: 1000000, work_chunk_size: 1000184, nseq: 6758
	[0000][ M::kt_pipeline] read 6758 sequences (1000184 bp)...
[0000] 2. Calling kt_for - worker_aln
[0000] Inferring insert size distribution of PE reads from data, l_pac: 50818468, n: 6758
[0000][PE] # candidate unique pairs for (FF, FR, RF, RR): (0, 68, 4, 0)
[0000][PE] skip orientation FF as there are not enough pairs
[0000][PE] analyzing insert size distribution for orientation FR...
[0000][PE] (25, 50, 75) percentile: (400, 508, 583)
[0000][PE] low and high boundaries for computing mean and std.dev: (34, 949)
[0000][PE] mean and std.dev: (471.35, 179.21)
[0000][PE] low and high boundaries for proper pairs: (1, 1188)
[0000][PE] skip orientation RF as there are not enough pairs
[0000][PE] skip orientation RR as there are not enough pairs
[0000] 3. Calling kt_for - worker_sam
	[0000][ M::mem_process_seqs] Processed 6758 reads in 5.884 CPU sec, 6.041 real sec
[0000] Calling mem_process_seqs.., task: 26
[0000] 1. Calling kt_for - worker_bwt
[0000] read_chunk: 1000000, work_chunk_size: 1000184, nseq: 6758
	[0000][ M::kt_pipeline] read 6758 sequences (1000184 bp)...
[0000] 2. Calling kt_for - worker_aln
[0000] Inferring insert size distribution of PE reads from data, l_pac: 50818468, n: 6758
[0000][PE] # candidate unique pairs for (FF, FR, RF, RR): (0, 80, 5, 0)
[0000][PE] skip orientation FF as there are not enough pairs
[0000][PE] analyzing insert size distribution for orientation FR...
[0000][PE] (25, 50, 75) percentile: (343, 512, 617)
[0000][PE] low and high boundaries for computing mean and std.dev: (1, 1165)
[0000][PE] mean and std.dev: (452.39, 210.22)
[0000][PE] low and high boundaries for proper pairs: (1, 1439)
[0000][PE] skip orientation RF as there are not enough pairs
[0000][PE] skip orientation RR as there are not enough pairs
[0000] 3. Calling kt_for - worker_sam
	[0000][ M::mem_process_seqs] Processed 6758 reads in 7.619 CPU sec, 7.843 real sec
[0000] Calling mem_process_seqs.., task: 27
[0000] 1. Calling kt_for - worker_bwt
[0000] read_chunk: 1000000, work_chunk_size: 1000184, nseq: 6758
	[0000][ M::kt_pipeline] read 6758 sequences (1000184 bp)...
[0000] 2. Calling kt_for - worker_aln
[0000] Inferring insert size distribution of PE reads from data, l_pac: 50818468, n: 6758
[0000][PE] # candidate unique pairs for (FF, FR, RF, RR): (0, 54, 6, 0)
[0000][PE] skip orientation FF as there are not enough pairs
[0000][PE] analyzing insert size distribution for orientation FR...
[0000][PE] (25, 50, 75) percentile: (432, 565, 653)
[0000][PE] low and high boundaries for computing mean and std.dev: (1, 1095)
[0000][PE] mean and std.dev: (519.15, 204.71)
[0000][PE] low and high boundaries for proper pairs: (1, 1338)
[0000][PE] skip orientation RF as there are not enough pairs
[0000][PE] skip orientation RR as there are not enough pairs
[0000] 3. Calling kt_for - worker_sam
	[0000][ M::mem_process_seqs] Processed 6758 reads in 5.305 CPU sec, 5.468 real sec
[0000] Calling mem_process_seqs.., task: 28
[0000] 1. Calling kt_for - worker_bwt
[0000] read_chunk: 1000000, work_chunk_size: 1000184, nseq: 6758
	[0000][ M::kt_pipeline] read 6758 sequences (1000184 bp)...
[0000] 2. Calling kt_for - worker_aln
[0000] Inferring insert size distribution of PE reads from data, l_pac: 50818468, n: 6758
[0000][PE] # candidate unique pairs for (FF, FR, RF, RR): (0, 67, 3, 0)
[0000][PE] skip orientation FF as there are not enough pairs
[0000][PE] analyzing insert size distribution for orientation FR...
[0000][PE] (25, 50, 75) percentile: (414, 507, 653)
[0000][PE] low and high boundaries for computing mean and std.dev: (1, 1131)
[0000][PE] mean and std.dev: (491.92, 205.17)
[0000][PE] low and high boundaries for proper pairs: (1, 1370)
[0000][PE] skip orientation RF as there are not enough pairs
[0000][PE] skip orientation RR as there are not enough pairs
[0000] 3. Calling kt_for - worker_sam
	[0000][ M::mem_process_seqs] Processed 6758 reads in 7.993 CPU sec, 7.053 real sec
[0000] Calling mem_process_seqs.., task: 29
[0000] 1. Calling kt_for - worker_bwt
[0000] read_chunk: 1000000, work_chunk_size: 1000184, nseq: 6758
	[0000][ M::kt_pipeline] read 6758 sequences (1000184 bp)...
[0000] 2. Calling kt_for - worker_aln
[0000] Inferring insert size distribution of PE reads from data, l_pac: 50818468, n: 6758
[0000][PE] # candidate unique pairs for (FF, FR, RF, RR): (0, 61, 8, 0)
[0000][PE] skip orientation FF as there are not enough pairs
[0000][PE] analyzing insert size distribution for orientation FR...
[0000][PE] (25, 50, 75) percentile: (384, 521, 634)
[0000][PE] low and high boundaries for computing mean and std.dev: (1, 1134)
[0000][PE] mean and std.dev: (500.02, 228.33)
[0000][PE] low and high boundaries for proper pairs: (1, 1413)
[0000][PE] skip orientation RF as there are not enough pairs
[0000][PE] skip orientation RR as there are not enough pairs
[0000] 3. Calling kt_for - worker_sam
	[0000][ M::mem_process_seqs] Processed 6758 reads in 5.909 CPU sec, 6.071 real sec
[0000] Calling mem_process_seqs.., task: 30
[0000] 1. Calling kt_for - worker_bwt
[0000] read_chunk: 1000000, work_chunk_size: 1000184, nseq: 6758
	[0000][ M::kt_pipeline] read 6758 sequences (1000184 bp)...
[0000] 2. Calling kt_for - worker_aln
[0000] Inferring insert size distribution of PE reads from data, l_pac: 50818468, n: 6758
[0000][PE] # candidate unique pairs for (FF, FR, RF, RR): (0, 70, 2, 0)
[0000][PE] skip orientation FF as there are not enough pairs
[0000][PE] analyzing insert size distribution for orientation FR...
[0000][PE] (25, 50, 75) percentile: (415, 567, 649)
[0000][PE] low and high boundaries for computing mean and std.dev: (1, 1117)
[0000][PE] mean and std.dev: (510.04, 198.90)
[0000][PE] low and high boundaries for proper pairs: (1, 1351)
[0000][PE] skip orientation RF as there are not enough pairs
[0000][PE] skip orientation RR as there are not enough pairs
[0000] 3. Calling kt_for - worker_sam
	[0000][ M::mem_process_seqs] Processed 6758 reads in 5.218 CPU sec, 5.370 real sec
[0000] Calling mem_process_seqs.., task: 31
[0000] 1. Calling kt_for - worker_bwt
[0000] read_chunk: 1000000, work_chunk_size: 1000184, nseq: 6758
	[0000][ M::kt_pipeline] read 6758 sequences (1000184 bp)...
[0000] 2. Calling kt_for - worker_aln
[0000] Inferring insert size distribution of PE reads from data, l_pac: 50818468, n: 6758
[0000][PE] # candidate unique pairs for (FF, FR, RF, RR): (0, 61, 10, 1)
[0000][PE] skip orientation FF as there are not enough pairs
[0000][PE] analyzing insert size distribution for orientation FR...
[0000][PE] (25, 50, 75) percentile: (344, 538, 640)
[0000][PE] low and high boundaries for computing mean and std.dev: (1, 1232)
[0000][PE] mean and std.dev: (497.27, 221.11)
[0000][PE] low and high boundaries for proper pairs: (1, 1528)
[0000][PE] analyzing insert size distribution for orientation RF...
[0000][PE] (25, 50, 75) percentile: (88, 163, 258)
[0000][PE] low and high boundaries for computing mean and std.dev: (1, 598)
[0000][PE] mean and std.dev: (155.89, 82.39)
[0000][PE] low and high boundaries for proper pairs: (1, 768)
[0000][PE] skip orientation RR as there are not enough pairs
[0000] 3. Calling kt_for - worker_sam
	[0000][ M::mem_process_seqs] Processed 6758 reads in 7.031 CPU sec, 7.274 real sec
[0000] Calling mem_process_seqs.., task: 32
[0000] 1. Calling kt_for - worker_bwt
[0000] read_chunk: 1000000, work_chunk_size: 1000184, nseq: 6758
	[0000][ M::kt_pipeline] read 6758 sequences (1000184 bp)...
[0000] 2. Calling kt_for - worker_aln
[0000] Inferring insert size distribution of PE reads from data, l_pac: 50818468, n: 6758
[0000][PE] # candidate unique pairs for (FF, FR, RF, RR): (0, 71, 6, 0)
[0000][PE] skip orientation FF as there are not enough pairs
[0000][PE] analyzing insert size distribution for orientation FR...
[0000][PE] (25, 50, 75) percentile: (385, 534, 663)
[0000][PE] low and high boundaries for computing mean and std.dev: (1, 1219)
[0000][PE] mean and std.dev: (507.69, 226.90)
[0000][PE] low and high boundaries for proper pairs: (1, 1497)
[0000][PE] skip orientation RF as there are not enough pairs
[0000][PE] skip orientation RR as there are not enough pairs
[0000] 3. Calling kt_for - worker_sam
	[0000][ M::mem_process_seqs] Processed 6758 reads in 4.853 CPU sec, 4.987 real sec
[0000] Calling mem_process_seqs.., task: 33
[0000] 1. Calling kt_for - worker_bwt
[0000] read_chunk: 1000000, work_chunk_size: 1000184, nseq: 6758
	[0000][ M::kt_pipeline] read 6758 sequences (1000184 bp)...
[0000] 2. Calling kt_for - worker_aln
[0000] Inferring insert size distribution of PE reads from data, l_pac: 50818468, n: 6758
[0000][PE] # candidate unique pairs for (FF, FR, RF, RR): (0, 72, 5, 0)
[0000][PE] skip orientation FF as there are not enough pairs
[0000][PE] analyzing insert size distribution for orientation FR...
[0000][PE] (25, 50, 75) percentile: (341, 541, 675)
[0000][PE] low and high boundaries for computing mean and std.dev: (1, 1343)
[0000][PE] mean and std.dev: (489.39, 215.54)
[0000][PE] low and high boundaries for proper pairs: (1, 1677)
[0000][PE] skip orientation RF as there are not enough pairs
[0000][PE] skip orientation RR as there are not enough pairs
[0000] 3. Calling kt_for - worker_sam
	[0000][ M::mem_process_seqs] Processed 6758 reads in 4.185 CPU sec, 4.300 real sec
[0000] Calling mem_process_seqs.., task: 34
[0000] 1. Calling kt_for - worker_bwt
[0000] read_chunk: 1000000, work_chunk_size: 1000184, nseq: 6758
	[0000][ M::kt_pipeline] read 6758 sequences (1000184 bp)...
[0000] 2. Calling kt_for - worker_aln
[0000] Inferring insert size distribution of PE reads from data, l_pac: 50818468, n: 6758
[0000][PE] # candidate unique pairs for (FF, FR, RF, RR): (0, 71, 1, 0)
[0000][PE] skip orientation FF as there are not enough pairs
[0000][PE] analyzing insert size distribution for orientation FR...
[0000][PE] (25, 50, 75) percentile: (411, 530, 653)
[0000][PE] low and high boundaries for computing mean and std.dev: (1, 1137)
[0000][PE] mean and std.dev: (499.76, 212.00)
[0000][PE] low and high boundaries for proper pairs: (1, 1379)
[0000][PE] skip orientation RF as there are not enough pairs
[0000][PE] skip orientation RR as there are not enough pairs
[0000] 3. Calling kt_for - worker_sam
	[0000][ M::mem_process_seqs] Processed 6758 reads in 4.010 CPU sec, 2.861 real sec
[0000] Calling mem_process_seqs.., task: 35
[0000] 1. Calling kt_for - worker_bwt
[0000] read_chunk: 1000000, work_chunk_size: 1000184, nseq: 6758
	[0000][ M::kt_pipeline] read 6758 sequences (1000184 bp)...
[0000] 2. Calling kt_for - worker_aln
[0000] Inferring insert size distribution of PE reads from data, l_pac: 50818468, n: 6758
[0000][PE] # candidate unique pairs for (FF, FR, RF, RR): (0, 72, 4, 0)
[0000][PE] skip orientation FF as there are not enough pairs
[0000][PE] analyzing insert size distribution for orientation FR...
[0000][PE] (25, 50, 75) percentile: (285, 472, 606)
[0000][PE] low and high boundaries for computing mean and std.dev: (1, 1248)
[0000][PE] mean and std.dev: (447.17, 221.25)
[0000][PE] low and high boundaries for proper pairs: (1, 1569)
[0000][PE] skip orientation RF as there are not enough pairs
[0000][PE] skip orientation RR as there are not enough pairs
[0000] 3. Calling kt_for - worker_sam
	[0000][ M::mem_process_seqs] Processed 6758 reads in 4.585 CPU sec, 4.709 real sec
[0000] Calling mem_process_seqs.., task: 36
[0000] 1. Calling kt_for - worker_bwt
[0000] read_chunk: 1000000, work_chunk_size: 1000184, nseq: 6758
	[0000][ M::kt_pipeline] read 6758 sequences (1000184 bp)...
[0000] 2. Calling kt_for - worker_aln
[0000] Inferring insert size distribution of PE reads from data, l_pac: 50818468, n: 6758
[0000][PE] # candidate unique pairs for (FF, FR, RF, RR): (0, 57, 3, 0)
[0000][PE] skip orientation FF as there are not enough pairs
[0000][PE] analyzing insert size distribution for orientation FR...
[0000][PE] (25, 50, 75) percentile: (464, 527, 634)
[0000][PE] low and high boundaries for computing mean and std.dev: (124, 974)
[0000][PE] mean and std.dev: (531.02, 165.34)
[0000][PE] low and high boundaries for proper pairs: (1, 1192)
[0000][PE] skip orientation RF as there are not enough pairs
[0000][PE] skip orientation RR as there are not enough pairs
[0000] 3. Calling kt_for - worker_sam
	[0000][ M::mem_process_seqs] Processed 6758 reads in 3.956 CPU sec, 4.088 real sec
[0000] Calling mem_process_seqs.., task: 37
[0000] 1. Calling kt_for - worker_bwt
[0000] read_chunk: 1000000, work_chunk_size: 1000184, nseq: 6758
	[0000][ M::kt_pipeline] read 6758 sequences (1000184 bp)...
[0000] 2. Calling kt_for - worker_aln
[0000] Inferring insert size distribution of PE reads from data, l_pac: 50818468, n: 6758
[0000][PE] # candidate unique pairs for (FF, FR, RF, RR): (1, 52, 8, 0)
[0000][PE] skip orientation FF as there are not enough pairs
[0000][PE] analyzing insert size distribution for orientation FR...
[0000][PE] (25, 50, 75) percentile: (380, 475, 616)
[0000][PE] low and high boundaries for computing mean and std.dev: (1, 1088)
[0000][PE] mean and std.dev: (483.47, 192.47)
[0000][PE] low and high boundaries for proper pairs: (1, 1324)
[0000][PE] skip orientation RF as there are not enough pairs
[0000][PE] skip orientation RR as there are not enough pairs
[0000] 3. Calling kt_for - worker_sam
	[0000][ M::mem_process_seqs] Processed 6758 reads in 4.073 CPU sec, 4.207 real sec
[0000] Calling mem_process_seqs.., task: 38
[0000] 1. Calling kt_for - worker_bwt
[0000] read_chunk: 1000000, work_chunk_size: 1000184, nseq: 6758
	[0000][ M::kt_pipeline] read 6758 sequences (1000184 bp)...
[0000] 2. Calling kt_for - worker_aln
[0000] Inferring insert size distribution of PE reads from data, l_pac: 50818468, n: 6758
[0000][PE] # candidate unique pairs for (FF, FR, RF, RR): (0, 77, 3, 1)
[0000][PE] skip orientation FF as there are not enough pairs
[0000][PE] analyzing insert size distribution for orientation FR...
[0000][PE] (25, 50, 75) percentile: (438, 543, 648)
[0000][PE] low and high boundaries for computing mean and std.dev: (18, 1068)
[0000][PE] mean and std.dev: (525.74, 202.79)
[0000][PE] low and high boundaries for proper pairs: (1, 1337)
[0000][PE] skip orientation RF as there are not enough pairs
[0000][PE] skip orientation RR as there are not enough pairs
[0000] 3. Calling kt_for - worker_sam
	[0000][ M::mem_process_seqs] Processed 6758 reads in 4.321 CPU sec, 4.461 real sec
[0000] Calling mem_process_seqs.., task: 39
[0000] 1. Calling kt_for - worker_bwt
[0000] read_chunk: 1000000, work_chunk_size: 1000184, nseq: 6758
	[0000][ M::kt_pipeline] read 6758 sequences (1000184 bp)...
[0000] 2. Calling kt_for - worker_aln
[0000] Inferring insert size distribution of PE reads from data, l_pac: 50818468, n: 6758
[0000][PE] # candidate unique pairs for (FF, FR, RF, RR): (0, 77, 4, 0)
[0000][PE] skip orientation FF as there are not enough pairs
[0000][PE] analyzing insert size distribution for orientation FR...
[0000][PE] (25, 50, 75) percentile: (356, 481, 661)
[0000][PE] low and high boundaries for computing mean and std.dev: (1, 1271)
[0000][PE] mean and std.dev: (476.95, 217.80)
[0000][PE] low and high boundaries for proper pairs: (1, 1576)
[0000][PE] skip orientation RF as there are not enough pairs
[0000][PE] skip orientation RR as there are not enough pairs
[0000] 3. Calling kt_for - worker_sam
	[0000][ M::mem_process_seqs] Processed 6758 reads in 4.936 CPU sec, 5.087 real sec
[0000] Calling mem_process_seqs.., task: 40
[0000] 1. Calling kt_for - worker_bwt
[0000] read_chunk: 1000000, work_chunk_size: 1000184, nseq: 6758
	[0000][ M::kt_pipeline] read 6758 sequences (1000184 bp)...
[0000] 2. Calling kt_for - worker_aln
[0000] Inferring insert size distribution of PE reads from data, l_pac: 50818468, n: 6758
[0000][PE] # candidate unique pairs for (FF, FR, RF, RR): (0, 64, 4, 0)
[0000][PE] skip orientation FF as there are not enough pairs
[0000][PE] analyzing insert size distribution for orientation FR...
[0000][PE] (25, 50, 75) percentile: (392, 509, 619)
[0000][PE] low and high boundaries for computing mean and std.dev: (1, 1073)
[0000][PE] mean and std.dev: (481.59, 194.91)
[0000][PE] low and high boundaries for proper pairs: (1, 1300)
[0000][PE] skip orientation RF as there are not enough pairs
[0000][PE] skip orientation RR as there are not enough pairs
[0000] 3. Calling kt_for - worker_sam
	[0000][ M::mem_process_seqs] Processed 6758 reads in 4.229 CPU sec, 4.331 real sec
[0000] Calling mem_process_seqs.., task: 41
[0000] 1. Calling kt_for - worker_bwt
[0000] read_chunk: 1000000, work_chunk_size: 1000184, nseq: 6758
	[0000][ M::kt_pipeline] read 6758 sequences (1000184 bp)...
[0000] 2. Calling kt_for - worker_aln
[0000] Inferring insert size distribution of PE reads from data, l_pac: 50818468, n: 6758
[0000][PE] # candidate unique pairs for (FF, FR, RF, RR): (0, 63, 3, 0)
[0000][PE] skip orientation FF as there are not enough pairs
[0000][PE] analyzing insert size distribution for orientation FR...
[0000][PE] (25, 50, 75) percentile: (396, 533, 651)
[0000][PE] low and high boundaries for computing mean and std.dev: (1, 1161)
[0000][PE] mean and std.dev: (510.68, 180.81)
[0000][PE] low and high boundaries for proper pairs: (1, 1416)
[0000][PE] skip orientation RF as there are not enough pairs
[0000][PE] skip orientation RR as there are not enough pairs
[0000] 3. Calling kt_for - worker_sam
	[0000][ M::mem_process_seqs] Processed 6758 reads in 4.434 CPU sec, 3.245 real sec
[0000] Calling mem_process_seqs.., task: 42
[0000] 1. Calling kt_for - worker_bwt
[0000] read_chunk: 1000000, work_chunk_size: 1000184, nseq: 6758
	[0000][ M::kt_pipeline] read 6758 sequences (1000184 bp)...
[0000] 2. Calling kt_for - worker_aln
[0000] Inferring insert size distribution of PE reads from data, l_pac: 50818468, n: 6758
[0000][PE] # candidate unique pairs for (FF, FR, RF, RR): (0, 64, 6, 0)
[0000][PE] skip orientation FF as there are not enough pairs
[0000][PE] analyzing insert size distribution for orientation FR...
[0000][PE] (25, 50, 75) percentile: (272, 483, 616)
[0000][PE] low and high boundaries for computing mean and std.dev: (1, 1304)
[0000][PE] mean and std.dev: (442.56, 233.24)
[0000][PE] low and high boundaries for proper pairs: (1, 1648)
[0000][PE] skip orientation RF as there are not enough pairs
[0000][PE] skip orientation RR as there are not enough pairs
[0000] 3. Calling kt_for - worker_sam
	[0000][ M::mem_process_seqs] Processed 6758 reads in 5.142 CPU sec, 5.268 real sec
[0000] Calling mem_process_seqs.., task: 43
[0000] 1. Calling kt_for - worker_bwt
[0000] read_chunk: 1000000, work_chunk_size: 1000184, nseq: 6758
	[0000][ M::kt_pipeline] read 6758 sequences (1000184 bp)...
[0000] 2. Calling kt_for - worker_aln
[0000] Inferring insert size distribution of PE reads from data, l_pac: 50818468, n: 6758
[0000][PE] # candidate unique pairs for (FF, FR, RF, RR): (0, 73, 7, 0)
[0000][PE] skip orientation FF as there are not enough pairs
[0000][PE] analyzing insert size distribution for orientation FR...
[0000][PE] (25, 50, 75) percentile: (396, 546, 651)
[0000][PE] low and high boundaries for computing mean and std.dev: (1, 1161)
[0000][PE] mean and std.dev: (537.21, 191.25)
[0000][PE] low and high boundaries for proper pairs: (1, 1416)
[0000][PE] skip orientation RF as there are not enough pairs
[0000][PE] skip orientation RR as there are not enough pairs
[0000] 3. Calling kt_for - worker_sam
	[0000][ M::mem_process_seqs] Processed 6758 reads in 7.046 CPU sec, 7.315 real sec
[0000] Calling mem_process_seqs.., task: 44
[0000] 1. Calling kt_for - worker_bwt
[0000] read_chunk: 1000000, work_chunk_size: 1000184, nseq: 6758
	[0000][ M::kt_pipeline] read 6758 sequences (1000184 bp)...
[0000] 2. Calling kt_for - worker_aln
[0000] Inferring insert size distribution of PE reads from data, l_pac: 50818468, n: 6758
[0000][PE] # candidate unique pairs for (FF, FR, RF, RR): (0, 60, 4, 0)
[0000][PE] skip orientation FF as there are not enough pairs
[0000][PE] analyzing insert size distribution for orientation FR...
[0000][PE] (25, 50, 75) percentile: (450, 564, 630)
[0000][PE] low and high boundaries for computing mean and std.dev: (90, 990)
[0000][PE] mean and std.dev: (531.07, 169.54)
[0000][PE] low and high boundaries for proper pairs: (1, 1209)
[0000][PE] skip orientation RF as there are not enough pairs
[0000][PE] skip orientation RR as there are not enough pairs
[0000] 3. Calling kt_for - worker_sam
	[0000][ M::mem_process_seqs] Processed 6758 reads in 4.411 CPU sec, 4.586 real sec
[0000] Calling mem_process_seqs.., task: 45
[0000] 1. Calling kt_for - worker_bwt
[0000] read_chunk: 1000000, work_chunk_size: 1000184, nseq: 6758
	[0000][ M::kt_pipeline] read 6758 sequences (1000184 bp)...
[0000] 2. Calling kt_for - worker_aln
[0000] Inferring insert size distribution of PE reads from data, l_pac: 50818468, n: 6758
[0000][PE] # candidate unique pairs for (FF, FR, RF, RR): (0, 63, 1, 0)
[0000][PE] skip orientation FF as there are not enough pairs
[0000][PE] analyzing insert size distribution for orientation FR...
[0000][PE] (25, 50, 75) percentile: (400, 531, 643)
[0000][PE] low and high boundaries for computing mean and std.dev: (1, 1129)
[0000][PE] mean and std.dev: (493.81, 177.80)
[0000][PE] low and high boundaries for proper pairs: (1, 1372)
[0000][PE] skip orientation RF as there are not enough pairs
[0000][PE] skip orientation RR as there are not enough pairs
[0000] 3. Calling kt_for - worker_sam
	[0000][ M::mem_process_seqs] Processed 6758 reads in 4.321 CPU sec, 4.469 real sec
[0000] Calling mem_process_seqs.., task: 46
[0000] 1. Calling kt_for - worker_bwt
[0000] read_chunk: 1000000, work_chunk_size: 1000184, nseq: 6758
	[0000][ M::kt_pipeline] read 6758 sequences (1000184 bp)...
[0000] 2. Calling kt_for - worker_aln
[0000] Inferring insert size distribution of PE reads from data, l_pac: 50818468, n: 6758
[0000][PE] # candidate unique pairs for (FF, FR, RF, RR): (0, 61, 4, 0)
[0000][PE] skip orientation FF as there are not enough pairs
[0000][PE] analyzing insert size distribution for orientation FR...
[0000][PE] (25, 50, 75) percentile: (332, 466, 644)
[0000][PE] low and high boundaries for computing mean and std.dev: (1, 1268)
[0000][PE] mean and std.dev: (457.52, 231.79)
[0000][PE] low and high boundaries for proper pairs: (1, 1580)
[0000][PE] skip orientation RF as there are not enough pairs
[0000][PE] skip orientation RR as there are not enough pairs
[0000] 3. Calling kt_for - worker_sam
	[0000][ M::mem_process_seqs] Processed 6758 reads in 4.775 CPU sec, 4.929 real sec
[0000] Calling mem_process_seqs.., task: 47
[0000] 1. Calling kt_for - worker_bwt
[0000] read_chunk: 1000000, work_chunk_size: 1000184, nseq: 6758
	[0000][ M::kt_pipeline] read 6758 sequences (1000184 bp)...
[0000] 2. Calling kt_for - worker_aln
[0000] Inferring insert size distribution of PE reads from data, l_pac: 50818468, n: 6758
[0000][PE] # candidate unique pairs for (FF, FR, RF, RR): (0, 50, 9, 0)
[0000][PE] skip orientation FF as there are not enough pairs
[0000][PE] analyzing insert size distribution for orientation FR...
[0000][PE] (25, 50, 75) percentile: (451, 543, 622)
[0000][PE] low and high boundaries for computing mean and std.dev: (109, 964)
[0000][PE] mean and std.dev: (535.69, 148.72)
[0000][PE] low and high boundaries for proper pairs: (1, 1135)
[0000][PE] skip orientation RF as there are not enough pairs
[0000][PE] skip orientation RR as there are not enough pairs
[0000] 3. Calling kt_for - worker_sam
	[0000][ M::mem_process_seqs] Processed 6758 reads in 4.590 CPU sec, 3.289 real sec
[0000] Calling mem_process_seqs.., task: 48
[0000] 1. Calling kt_for - worker_bwt
[0000] read_chunk: 1000000, work_chunk_size: 1000184, nseq: 6758
	[0000][ M::kt_pipeline] read 6758 sequences (1000184 bp)...
[0000] 2. Calling kt_for - worker_aln
[0000] Inferring insert size distribution of PE reads from data, l_pac: 50818468, n: 6758
[0000][PE] # candidate unique pairs for (FF, FR, RF, RR): (0, 56, 4, 0)
[0000][PE] skip orientation FF as there are not enough pairs
[0000][PE] analyzing insert size distribution for orientation FR...
[0000][PE] (25, 50, 75) percentile: (394, 517, 680)
[0000][PE] low and high boundaries for computing mean and std.dev: (1, 1252)
[0000][PE] mean and std.dev: (495.98, 228.84)
[0000][PE] low and high boundaries for proper pairs: (1, 1538)
[0000][PE] skip orientation RF as there are not enough pairs
[0000][PE] skip orientation RR as there are not enough pairs
[0000] 3. Calling kt_for - worker_sam
	[0000][ M::mem_process_seqs] Processed 6758 reads in 4.923 CPU sec, 5.054 real sec
[0000] Calling mem_process_seqs.., task: 49
[0000] 1. Calling kt_for - worker_bwt
[0000] read_chunk: 1000000, work_chunk_size: 1000184, nseq: 6758
	[0000][ M::kt_pipeline] read 6758 sequences (1000184 bp)...
[0000] 2. Calling kt_for - worker_aln
[0000] Inferring insert size distribution of PE reads from data, l_pac: 50818468, n: 6758
[0000][PE] # candidate unique pairs for (FF, FR, RF, RR): (0, 64, 2, 0)
[0000][PE] skip orientation FF as there are not enough pairs
[0000][PE] analyzing insert size distribution for orientation FR...
[0000][PE] (25, 50, 75) percentile: (433, 563, 720)
[0000][PE] low and high boundaries for computing mean and std.dev: (1, 1294)
[0000][PE] mean and std.dev: (539.75, 207.12)
[0000][PE] low and high boundaries for proper pairs: (1, 1581)
[0000][PE] skip orientation RF as there are not enough pairs
[0000][PE] skip orientation RR as there are not enough pairs
[0000] 3. Calling kt_for - worker_sam
	[0000][ M::mem_process_seqs] Processed 6758 reads in 4.599 CPU sec, 4.720 real sec
[0000] Calling mem_process_seqs.., task: 50
[0000] 1. Calling kt_for - worker_bwt
[0000] read_chunk: 1000000, work_chunk_size: 1000184, nseq: 6758
	[0000][ M::kt_pipeline] read 6758 sequences (1000184 bp)...
[0000] 2. Calling kt_for - worker_aln
[0000] Inferring insert size distribution of PE reads from data, l_pac: 50818468, n: 6758
[0000][PE] # candidate unique pairs for (FF, FR, RF, RR): (0, 64, 5, 0)
[0000][PE] skip orientation FF as there are not enough pairs
[0000][PE] analyzing insert size distribution for orientation FR...
[0000][PE] (25, 50, 75) percentile: (431, 515, 678)
[0000][PE] low and high boundaries for computing mean and std.dev: (1, 1172)
[0000][PE] mean and std.dev: (504.86, 209.48)
[0000][PE] low and high boundaries for proper pairs: (1, 1419)
[0000][PE] skip orientation RF as there are not enough pairs
[0000][PE] skip orientation RR as there are not enough pairs
[0000] 3. Calling kt_for - worker_sam
	[0000][ M::mem_process_seqs] Processed 6758 reads in 3.558 CPU sec, 3.634 real sec
[0000] Calling mem_process_seqs.., task: 51
[0000] 1. Calling kt_for - worker_bwt
[0000] read_chunk: 1000000, work_chunk_size: 1000184, nseq: 6758
	[0000][ M::kt_pipeline] read 6758 sequences (1000184 bp)...
[0000] 2. Calling kt_for - worker_aln
[0000] Inferring insert size distribution of PE reads from data, l_pac: 50818468, n: 6758
[0000][PE] # candidate unique pairs for (FF, FR, RF, RR): (0, 69, 3, 0)
[0000][PE] skip orientation FF as there are not enough pairs
[0000][PE] analyzing insert size distribution for orientation FR...
[0000][PE] (25, 50, 75) percentile: (415, 549, 632)
[0000][PE] low and high boundaries for computing mean and std.dev: (1, 1066)
[0000][PE] mean and std.dev: (513.46, 218.12)
[0000][PE] low and high boundaries for proper pairs: (1, 1386)
[0000][PE] skip orientation RF as there are not enough pairs
[0000][PE] skip orientation RR as there are not enough pairs
[0000] 3. Calling kt_for - worker_sam
	[0000][ M::mem_process_seqs] Processed 6758 reads in 3.817 CPU sec, 3.920 real sec
[0000] Calling mem_process_seqs.., task: 52
[0000] 1. Calling kt_for - worker_bwt
[0000] 2. Calling kt_for - worker_aln
[0000] read_chunk: 1000000, work_chunk_size: 1000184, nseq: 6758
	[0000][ M::kt_pipeline] read 6758 sequences (1000184 bp)...
[0000] Inferring insert size distribution of PE reads from data, l_pac: 50818468, n: 6758
[0000][PE] # candidate unique pairs for (FF, FR, RF, RR): (0, 66, 1, 0)
[0000][PE] skip orientation FF as there are not enough pairs
[0000][PE] analyzing insert size distribution for orientation FR...
[0000][PE] (25, 50, 75) percentile: (408, 556, 672)
[0000][PE] low and high boundaries for computing mean and std.dev: (1, 1200)
[0000][PE] mean and std.dev: (549.18, 221.90)
[0000][PE] low and high boundaries for proper pairs: (1, 1464)
[0000][PE] skip orientation RF as there are not enough pairs
[0000][PE] skip orientation RR as there are not enough pairs
[0000] 3. Calling kt_for - worker_sam
	[0000][ M::mem_process_seqs] Processed 6758 reads in 5.313 CPU sec, 4.482 real sec
[0000] Calling mem_process_seqs.., task: 53
[0000] 1. Calling kt_for - worker_bwt
[0000] read_chunk: 1000000, work_chunk_size: 1000184, nseq: 6758
	[0000][ M::kt_pipeline] read 6758 sequences (1000184 bp)...
[0000] 2. Calling kt_for - worker_aln
[0000] Inferring insert size distribution of PE reads from data, l_pac: 50818468, n: 6758
[0000][PE] # candidate unique pairs for (FF, FR, RF, RR): (0, 54, 2, 0)
[0000][PE] skip orientation FF as there are not enough pairs
[0000][PE] analyzing insert size distribution for orientation FR...
[0000][PE] (25, 50, 75) percentile: (335, 514, 651)
[0000][PE] low and high boundaries for computing mean and std.dev: (1, 1283)
[0000][PE] mean and std.dev: (501.36, 248.53)
[0000][PE] low and high boundaries for proper pairs: (1, 1599)
[0000][PE] skip orientation RF as there are not enough pairs
[0000][PE] skip orientation RR as there are not enough pairs
[0000] 3. Calling kt_for - worker_sam
	[0000][ M::mem_process_seqs] Processed 6758 reads in 4.293 CPU sec, 4.119 real sec
[0000] Calling mem_process_seqs.., task: 54
[0000] 1. Calling kt_for - worker_bwt
[0000] 2. Calling kt_for - worker_aln
[0000] Inferring insert size distribution of PE reads from data, l_pac: 50818468, n: 6758
[0000][PE] # candidate unique pairs for (FF, FR, RF, RR): (0, 62, 5, 0)
[0000][PE] skip orientation FF as there are not enough pairs
[0000][PE] analyzing insert size distribution for orientation FR...
[0000][PE] (25, 50, 75) percentile: (446, 559, 653)
[0000][PE] low and high boundaries for computing mean and std.dev: (32, 1067)
[0000][PE] mean and std.dev: (528.79, 163.81)
[0000][PE] low and high boundaries for proper pairs: (1, 1274)
[0000][PE] skip orientation RF as there are not enough pairs
[0000][PE] skip orientation RR as there are not enough pairs
[0000] 3. Calling kt_for - worker_sam
[0000] read_chunk: 1000000, work_chunk_size: 1000184, nseq: 6758
	[0000][ M::kt_pipeline] read 6758 sequences (1000184 bp)...
	[0000][ M::mem_process_seqs] Processed 6758 reads in 4.371 CPU sec, 4.498 real sec
[0000] Calling mem_process_seqs.., task: 55
[0000] 1. Calling kt_for - worker_bwt
[0000] read_chunk: 1000000, work_chunk_size: 1000184, nseq: 6758
	[0000][ M::kt_pipeline] read 6758 sequences (1000184 bp)...
[0000] 2. Calling kt_for - worker_aln
[0000] Inferring insert size distribution of PE reads from data, l_pac: 50818468, n: 6758
[0000][PE] # candidate unique pairs for (FF, FR, RF, RR): (0, 64, 3, 0)
[0000][PE] skip orientation FF as there are not enough pairs
[0000][PE] analyzing insert size distribution for orientation FR...
[0000][PE] (25, 50, 75) percentile: (316, 490, 616)
[0000][PE] low and high boundaries for computing mean and std.dev: (1, 1216)
[0000][PE] mean and std.dev: (465.52, 229.06)
[0000][PE] low and high boundaries for proper pairs: (1, 1516)
[0000][PE] skip orientation RF as there are not enough pairs
[0000][PE] skip orientation RR as there are not enough pairs
[0000] 3. Calling kt_for - worker_sam
	[0000][ M::mem_process_seqs] Processed 6758 reads in 4.227 CPU sec, 3.122 real sec
[0000] Calling mem_process_seqs.., task: 56
[0000] 1. Calling kt_for - worker_bwt
[0000] read_chunk: 1000000, work_chunk_size: 1000184, nseq: 6758
	[0000][ M::kt_pipeline] read 6758 sequences (1000184 bp)...
[0000] 2. Calling kt_for - worker_aln
[0000] Inferring insert size distribution of PE reads from data, l_pac: 50818468, n: 6758
[0000][PE] # candidate unique pairs for (FF, FR, RF, RR): (1, 57, 7, 0)
[0000][PE] skip orientation FF as there are not enough pairs
[0000][PE] analyzing insert size distribution for orientation FR...
[0000][PE] (25, 50, 75) percentile: (470, 543, 636)
[0000][PE] low and high boundaries for computing mean and std.dev: (138, 968)
[0000][PE] mean and std.dev: (559.39, 139.34)
[0000][PE] low and high boundaries for proper pairs: (1, 1134)
[0000][PE] skip orientation RF as there are not enough pairs
[0000][PE] skip orientation RR as there are not enough pairs
[0000] 3. Calling kt_for - worker_sam
	[0000][ M::mem_process_seqs] Processed 6758 reads in 3.603 CPU sec, 3.691 real sec
[0000] Calling mem_process_seqs.., task: 57
[0000] 1. Calling kt_for - worker_bwt
[0000] read_chunk: 1000000, work_chunk_size: 1000184, nseq: 6758
	[0000][ M::kt_pipeline] read 6758 sequences (1000184 bp)...
[0000] 2. Calling kt_for - worker_aln
[0000] Inferring insert size distribution of PE reads from data, l_pac: 50818468, n: 6758
[0000][PE] # candidate unique pairs for (FF, FR, RF, RR): (0, 49, 6, 0)
[0000][PE] skip orientation FF as there are not enough pairs
[0000][PE] analyzing insert size distribution for orientation FR...
[0000][PE] (25, 50, 75) percentile: (396, 530, 631)
[0000][PE] low and high boundaries for computing mean and std.dev: (1, 1101)
[0000][PE] mean and std.dev: (499.86, 221.99)
[0000][PE] low and high boundaries for proper pairs: (1, 1388)
[0000][PE] skip orientation RF as there are not enough pairs
[0000][PE] skip orientation RR as there are not enough pairs
[0000] 3. Calling kt_for - worker_sam
	[0000][ M::mem_process_seqs] Processed 6758 reads in 4.432 CPU sec, 4.511 real sec
[0000] Calling mem_process_seqs.., task: 58
[0000] 1. Calling kt_for - worker_bwt
[0000] read_chunk: 1000000, work_chunk_size: 1000184, nseq: 6758
	[0000][ M::kt_pipeline] read 6758 sequences (1000184 bp)...
[0000] 2. Calling kt_for - worker_aln
[0000] Inferring insert size distribution of PE reads from data, l_pac: 50818468, n: 6758
[0000][PE] # candidate unique pairs for (FF, FR, RF, RR): (0, 60, 5, 0)
[0000][PE] skip orientation FF as there are not enough pairs
[0000][PE] analyzing insert size distribution for orientation FR...
[0000][PE] (25, 50, 75) percentile: (447, 521, 651)
[0000][PE] low and high boundaries for computing mean and std.dev: (39, 1059)
[0000][PE] mean and std.dev: (516.38, 169.43)
[0000][PE] low and high boundaries for proper pairs: (1, 1263)
[0000][PE] skip orientation RF as there are not enough pairs
[0000][PE] skip orientation RR as there are not enough pairs
[0000] 3. Calling kt_for - worker_sam
	[0000][ M::mem_process_seqs] Processed 6758 reads in 3.834 CPU sec, 3.917 real sec
[0000] Calling mem_process_seqs.., task: 59
[0000] 1. Calling kt_for - worker_bwt
[0000] read_chunk: 1000000, work_chunk_size: 1000184, nseq: 6758
	[0000][ M::kt_pipeline] read 6758 sequences (1000184 bp)...
[0000] 2. Calling kt_for - worker_aln
[0000] Inferring insert size distribution of PE reads from data, l_pac: 50818468, n: 6758
[0000][PE] # candidate unique pairs for (FF, FR, RF, RR): (0, 63, 3, 0)
[0000][PE] skip orientation FF as there are not enough pairs
[0000][PE] analyzing insert size distribution for orientation FR...
[0000][PE] (25, 50, 75) percentile: (344, 490, 605)
[0000][PE] low and high boundaries for computing mean and std.dev: (1, 1127)
[0000][PE] mean and std.dev: (462.39, 188.82)
[0000][PE] low and high boundaries for proper pairs: (1, 1388)
[0000][PE] skip orientation RF as there are not enough pairs
[0000][PE] skip orientation RR as there are not enough pairs
[0000] 3. Calling kt_for - worker_sam
	[0000][ M::mem_process_seqs] Processed 6758 reads in 4.961 CPU sec, 5.070 real sec
[0000] Calling mem_process_seqs.., task: 60
[0000] 1. Calling kt_for - worker_bwt
[0000] read_chunk: 1000000, work_chunk_size: 1000184, nseq: 6758
	[0000][ M::kt_pipeline] read 6758 sequences (1000184 bp)...
[0000] 2. Calling kt_for - worker_aln
[0000] Inferring insert size distribution of PE reads from data, l_pac: 50818468, n: 6758
[0000][PE] # candidate unique pairs for (FF, FR, RF, RR): (0, 57, 6, 0)
[0000][PE] skip orientation FF as there are not enough pairs
[0000][PE] analyzing insert size distribution for orientation FR...
[0000][PE] (25, 50, 75) percentile: (374, 471, 647)
[0000][PE] low and high boundaries for computing mean and std.dev: (1, 1193)
[0000][PE] mean and std.dev: (496.58, 193.06)
[0000][PE] low and high boundaries for proper pairs: (1, 1466)
[0000][PE] skip orientation RF as there are not enough pairs
[0000][PE] skip orientation RR as there are not enough pairs
[0000] 3. Calling kt_for - worker_sam
	[0000][ M::mem_process_seqs] Processed 6758 reads in 4.338 CPU sec, 4.112 real sec
[0000] Calling mem_process_seqs.., task: 61
[0000] 1. Calling kt_for - worker_bwt
[0000] read_chunk: 1000000, work_chunk_size: 1000184, nseq: 6758
	[0000][ M::kt_pipeline] read 6758 sequences (1000184 bp)...
[0000] 2. Calling kt_for - worker_aln
[0000] Inferring insert size distribution of PE reads from data, l_pac: 50818468, n: 6758
[0000][PE] # candidate unique pairs for (FF, FR, RF, RR): (0, 59, 6, 0)
[0000][PE] skip orientation FF as there are not enough pairs
[0000][PE] analyzing insert size distribution for orientation FR...
[0000][PE] (25, 50, 75) percentile: (359, 566, 689)
[0000][PE] low and high boundaries for computing mean and std.dev: (1, 1349)
[0000][PE] mean and std.dev: (538.58, 226.53)
[0000][PE] low and high boundaries for proper pairs: (1, 1679)
[0000][PE] skip orientation RF as there are not enough pairs
[0000][PE] skip orientation RR as there are not enough pairs
[0000] 3. Calling kt_for - worker_sam
	[0000][ M::mem_process_seqs] Processed 6758 reads in 4.145 CPU sec, 3.975 real sec
[0000] Calling mem_process_seqs.., task: 62
[0000] 1. Calling kt_for - worker_bwt
[0000] 2. Calling kt_for - worker_aln
[0000] read_chunk: 1000000, work_chunk_size: 1000184, nseq: 6758
	[0000][ M::kt_pipeline] read 6758 sequences (1000184 bp)...
[0000] Inferring insert size distribution of PE reads from data, l_pac: 50818468, n: 6758
[0000][PE] # candidate unique pairs for (FF, FR, RF, RR): (0, 73, 6, 0)
[0000][PE] skip orientation FF as there are not enough pairs
[0000][PE] analyzing insert size distribution for orientation FR...
[0000][PE] (25, 50, 75) percentile: (332, 469, 614)
[0000][PE] low and high boundaries for computing mean and std.dev: (1, 1178)
[0000][PE] mean and std.dev: (443.00, 219.49)
[0000][PE] low and high boundaries for proper pairs: (1, 1460)
[0000][PE] skip orientation RF as there are not enough pairs
[0000][PE] skip orientation RR as there are not enough pairs
[0000] 3. Calling kt_for - worker_sam
	[0000][ M::mem_process_seqs] Processed 6758 reads in 5.236 CPU sec, 3.124 real sec
[0000] Calling mem_process_seqs.., task: 63
[0000] 1. Calling kt_for - worker_bwt
[0000] read_chunk: 1000000, work_chunk_size: 1000184, nseq: 6758
	[0000][ M::kt_pipeline] read 6758 sequences (1000184 bp)...
[0000] 2. Calling kt_for - worker_aln
[0000] Inferring insert size distribution of PE reads from data, l_pac: 50818468, n: 6758
[0000][PE] # candidate unique pairs for (FF, FR, RF, RR): (0, 83, 5, 0)
[0000][PE] skip orientation FF as there are not enough pairs
[0000][PE] analyzing insert size distribution for orientation FR...
[0000][PE] (25, 50, 75) percentile: (333, 513, 629)
[0000][PE] low and high boundaries for computing mean and std.dev: (1, 1221)
[0000][PE] mean and std.dev: (476.81, 243.49)
[0000][PE] low and high boundaries for proper pairs: (1, 1517)
[0000][PE] skip orientation RF as there are not enough pairs
[0000][PE] skip orientation RR as there are not enough pairs
[0000] 3. Calling kt_for - worker_sam
	[0000][ M::mem_process_seqs] Processed 6758 reads in 3.585 CPU sec, 3.676 real sec
[0000] Calling mem_process_seqs.., task: 64
[0000] 1. Calling kt_for - worker_bwt
[0000] read_chunk: 1000000, work_chunk_size: 1000184, nseq: 6758
	[0000][ M::kt_pipeline] read 6758 sequences (1000184 bp)...
[0000] 2. Calling kt_for - worker_aln
[0000] Inferring insert size distribution of PE reads from data, l_pac: 50818468, n: 6758
[0000][PE] # candidate unique pairs for (FF, FR, RF, RR): (0, 51, 9, 0)
[0000][PE] skip orientation FF as there are not enough pairs
[0000][PE] analyzing insert size distribution for orientation FR...
[0000][PE] (25, 50, 75) percentile: (369, 506, 600)
[0000][PE] low and high boundaries for computing mean and std.dev: (1, 1062)
[0000][PE] mean and std.dev: (464.88, 178.82)
[0000][PE] low and high boundaries for proper pairs: (1, 1293)
[0000][PE] skip orientation RF as there are not enough pairs
[0000][PE] skip orientation RR as there are not enough pairs
[0000] 3. Calling kt_for - worker_sam
	[0000][ M::mem_process_seqs] Processed 6758 reads in 3.755 CPU sec, 3.856 real sec
[0000] Calling mem_process_seqs.., task: 65
[0000] 1. Calling kt_for - worker_bwt
[0000] read_chunk: 1000000, work_chunk_size: 1000184, nseq: 6758
	[0000][ M::kt_pipeline] read 6758 sequences (1000184 bp)...
[0000] 2. Calling kt_for - worker_aln
[0000] Inferring insert size distribution of PE reads from data, l_pac: 50818468, n: 6758
[0000][PE] # candidate unique pairs for (FF, FR, RF, RR): (0, 75, 2, 0)
[0000][PE] skip orientation FF as there are not enough pairs
[0000][PE] analyzing insert size distribution for orientation FR...
[0000][PE] (25, 50, 75) percentile: (297, 484, 638)
[0000][PE] low and high boundaries for computing mean and std.dev: (1, 1320)
[0000][PE] mean and std.dev: (462.17, 237.40)
[0000][PE] low and high boundaries for proper pairs: (1, 1661)
[0000][PE] skip orientation RF as there are not enough pairs
[0000][PE] skip orientation RR as there are not enough pairs
[0000] 3. Calling kt_for - worker_sam
	[0000][ M::mem_process_seqs] Processed 6758 reads in 3.787 CPU sec, 3.885 real sec
[0000] Calling mem_process_seqs.., task: 66
[0000] 1. Calling kt_for - worker_bwt
[0000] read_chunk: 1000000, work_chunk_size: 1000184, nseq: 6758
	[0000][ M::kt_pipeline] read 6758 sequences (1000184 bp)...
[0000] 2. Calling kt_for - worker_aln
[0000] Inferring insert size distribution of PE reads from data, l_pac: 50818468, n: 6758
[0000][PE] # candidate unique pairs for (FF, FR, RF, RR): (0, 65, 6, 0)
[0000][PE] skip orientation FF as there are not enough pairs
[0000][PE] analyzing insert size distribution for orientation FR...
[0000][PE] (25, 50, 75) percentile: (407, 495, 634)
[0000][PE] low and high boundaries for computing mean and std.dev: (1, 1088)
[0000][PE] mean and std.dev: (507.11, 183.36)
[0000][PE] low and high boundaries for proper pairs: (1, 1315)
[0000][PE] skip orientation RF as there are not enough pairs
[0000][PE] skip orientation RR as there are not enough pairs
[0000] 3. Calling kt_for - worker_sam
	[0000][ M::mem_process_seqs] Processed 6758 reads in 3.710 CPU sec, 3.805 real sec
[0000] Calling mem_process_seqs.., task: 67
[0000] 1. Calling kt_for - worker_bwt
[0000] read_chunk: 1000000, work_chunk_size: 1000184, nseq: 6758
	[0000][ M::kt_pipeline] read 6758 sequences (1000184 bp)...
[0000] 2. Calling kt_for - worker_aln
[0000] Inferring insert size distribution of PE reads from data, l_pac: 50818468, n: 6758
[0000][PE] # candidate unique pairs for (FF, FR, RF, RR): (0, 73, 7, 0)
[0000][PE] skip orientation FF as there are not enough pairs
[0000][PE] analyzing insert size distribution for orientation FR...
[0000][PE] (25, 50, 75) percentile: (403, 520, 618)
[0000][PE] low and high boundaries for computing mean and std.dev: (1, 1048)
[0000][PE] mean and std.dev: (477.67, 202.66)
[0000][PE] low and high boundaries for proper pairs: (1, 1288)
[0000][PE] skip orientation RF as there are not enough pairs
[0000][PE] skip orientation RR as there are not enough pairs
[0000] 3. Calling kt_for - worker_sam
	[0000][ M::mem_process_seqs] Processed 6758 reads in 5.343 CPU sec, 5.510 real sec
[0000] Calling mem_process_seqs.., task: 68
[0000] 1. Calling kt_for - worker_bwt
[0000] read_chunk: 1000000, work_chunk_size: 1000184, nseq: 6758
	[0000][ M::kt_pipeline] read 6758 sequences (1000184 bp)...
[0000] 2. Calling kt_for - worker_aln
[0000] Inferring insert size distribution of PE reads from data, l_pac: 50818468, n: 6758
[0000][PE] # candidate unique pairs for (FF, FR, RF, RR): (0, 72, 4, 0)
[0000][PE] skip orientation FF as there are not enough pairs
[0000][PE] analyzing insert size distribution for orientation FR...
[0000][PE] (25, 50, 75) percentile: (238, 499, 623)
[0000][PE] low and high boundaries for computing mean and std.dev: (1, 1393)
[0000][PE] mean and std.dev: (446.83, 226.84)
[0000][PE] low and high boundaries for proper pairs: (1, 1778)
[0000][PE] skip orientation RF as there are not enough pairs
[0000][PE] skip orientation RR as there are not enough pairs
[0000] 3. Calling kt_for - worker_sam
	[0000][ M::mem_process_seqs] Processed 6758 reads in 6.510 CPU sec, 6.699 real sec
[0000] Calling mem_process_seqs.., task: 69
[0000] 1. Calling kt_for - worker_bwt
[0000] read_chunk: 1000000, work_chunk_size: 1000184, nseq: 6758
	[0000][ M::kt_pipeline] read 6758 sequences (1000184 bp)...
[0000] 2. Calling kt_for - worker_aln
[0000] Inferring insert size distribution of PE reads from data, l_pac: 50818468, n: 6758
[0000][PE] # candidate unique pairs for (FF, FR, RF, RR): (0, 68, 3, 0)
[0000][PE] skip orientation FF as there are not enough pairs
[0000][PE] analyzing insert size distribution for orientation FR...
[0000][PE] (25, 50, 75) percentile: (398, 519, 674)
[0000][PE] low and high boundaries for computing mean and std.dev: (1, 1226)
[0000][PE] mean and std.dev: (503.04, 199.18)
[0000][PE] low and high boundaries for proper pairs: (1, 1502)
[0000][PE] skip orientation RF as there are not enough pairs
[0000][PE] skip orientation RR as there are not enough pairs
[0000] 3. Calling kt_for - worker_sam
	[0000][ M::mem_process_seqs] Processed 6758 reads in 8.105 CPU sec, 7.095 real sec
[0000] Calling mem_process_seqs.., task: 70
[0000] 1. Calling kt_for - worker_bwt
[0000] read_chunk: 1000000, work_chunk_size: 1000184, nseq: 6758
	[0000][ M::kt_pipeline] read 6758 sequences (1000184 bp)...
[0000] 2. Calling kt_for - worker_aln
[0000] Inferring insert size distribution of PE reads from data, l_pac: 50818468, n: 6758
[0000][PE] # candidate unique pairs for (FF, FR, RF, RR): (0, 60, 4, 0)
[0000][PE] skip orientation FF as there are not enough pairs
[0000][PE] analyzing insert size distribution for orientation FR...
[0000][PE] (25, 50, 75) percentile: (291, 533, 653)
[0000][PE] low and high boundaries for computing mean and std.dev: (1, 1377)
[0000][PE] mean and std.dev: (475.18, 247.70)
[0000][PE] low and high boundaries for proper pairs: (1, 1739)
[0000][PE] skip orientation RF as there are not enough pairs
[0000][PE] skip orientation RR as there are not enough pairs
[0000] 3. Calling kt_for - worker_sam
	[0000][ M::mem_process_seqs] Processed 6758 reads in 4.877 CPU sec, 5.021 real sec
[0000] Calling mem_process_seqs.., task: 71
[0000] 1. Calling kt_for - worker_bwt
[0000] read_chunk: 1000000, work_chunk_size: 1000184, nseq: 6758
	[0000][ M::kt_pipeline] read 6758 sequences (1000184 bp)...
[0000] 2. Calling kt_for - worker_aln
[0000] Inferring insert size distribution of PE reads from data, l_pac: 50818468, n: 6758
[0000][PE] # candidate unique pairs for (FF, FR, RF, RR): (0, 57, 4, 0)
[0000][PE] skip orientation FF as there are not enough pairs
[0000][PE] analyzing insert size distribution for orientation FR...
[0000][PE] (25, 50, 75) percentile: (330, 527, 617)
[0000][PE] low and high boundaries for computing mean and std.dev: (1, 1191)
[0000][PE] mean and std.dev: (473.25, 203.18)
[0000][PE] low and high boundaries for proper pairs: (1, 1478)
[0000][PE] skip orientation RF as there are not enough pairs
[0000][PE] skip orientation RR as there are not enough pairs
[0000] 3. Calling kt_for - worker_sam
	[0000][ M::mem_process_seqs] Processed 6758 reads in 3.812 CPU sec, 3.932 real sec
[0000] Calling mem_process_seqs.., task: 72
[0000] 1. Calling kt_for - worker_bwt
[0000] read_chunk: 1000000, work_chunk_size: 1000184, nseq: 6758
	[0000][ M::kt_pipeline] read 6758 sequences (1000184 bp)...
[0000] 2. Calling kt_for - worker_aln
[0000] Inferring insert size distribution of PE reads from data, l_pac: 50818468, n: 6758
[0000][PE] # candidate unique pairs for (FF, FR, RF, RR): (0, 64, 3, 0)
[0000][PE] skip orientation FF as there are not enough pairs
[0000][PE] analyzing insert size distribution for orientation FR...
[0000][PE] (25, 50, 75) percentile: (262, 530, 634)
[0000][PE] low and high boundaries for computing mean and std.dev: (1, 1378)
[0000][PE] mean and std.dev: (461.76, 225.15)
[0000][PE] low and high boundaries for proper pairs: (1, 1750)
[0000][PE] skip orientation RF as there are not enough pairs
[0000][PE] skip orientation RR as there are not enough pairs
[0000] 3. Calling kt_for - worker_sam
	[0000][ M::mem_process_seqs] Processed 6758 reads in 4.813 CPU sec, 4.969 real sec
[0000] Calling mem_process_seqs.., task: 73
[0000] 1. Calling kt_for - worker_bwt
[0000] read_chunk: 1000000, work_chunk_size: 1000184, nseq: 6758
	[0000][ M::kt_pipeline] read 6758 sequences (1000184 bp)...
[0000] 2. Calling kt_for - worker_aln
[0000] Inferring insert size distribution of PE reads from data, l_pac: 50818468, n: 6758
[0000][PE] # candidate unique pairs for (FF, FR, RF, RR): (0, 59, 2, 0)
[0000][PE] skip orientation FF as there are not enough pairs
[0000][PE] analyzing insert size distribution for orientation FR...
[0000][PE] (25, 50, 75) percentile: (329, 465, 642)
[0000][PE] low and high boundaries for computing mean and std.dev: (1, 1268)
[0000][PE] mean and std.dev: (453.39, 226.66)
[0000][PE] low and high boundaries for proper pairs: (1, 1581)
[0000][PE] skip orientation RF as there are not enough pairs
[0000][PE] skip orientation RR as there are not enough pairs
[0000] 3. Calling kt_for - worker_sam
	[0000][ M::mem_process_seqs] Processed 6758 reads in 3.965 CPU sec, 4.076 real sec
[0000] Calling mem_process_seqs.., task: 74
[0000] 1. Calling kt_for - worker_bwt
[0000] read_chunk: 1000000, work_chunk_size: 1000184, nseq: 6758
	[0000][ M::kt_pipeline] read 6758 sequences (1000184 bp)...
[0000] 2. Calling kt_for - worker_aln
[0000] Inferring insert size distribution of PE reads from data, l_pac: 50818468, n: 6758
[0000][PE] # candidate unique pairs for (FF, FR, RF, RR): (0, 57, 2, 0)
[0000][PE] skip orientation FF as there are not enough pairs
[0000][PE] analyzing insert size distribution for orientation FR...
[0000][PE] (25, 50, 75) percentile: (300, 500, 670)
[0000][PE] low and high boundaries for computing mean and std.dev: (1, 1410)
[0000][PE] mean and std.dev: (468.57, 234.59)
[0000][PE] low and high boundaries for proper pairs: (1, 1780)
[0000][PE] skip orientation RF as there are not enough pairs
[0000][PE] skip orientation RR as there are not enough pairs
[0000] 3. Calling kt_for - worker_sam
	[0000][ M::mem_process_seqs] Processed 6758 reads in 4.594 CPU sec, 4.719 real sec
[0000] Calling mem_process_seqs.., task: 75
[0000] 1. Calling kt_for - worker_bwt
[0000] read_chunk: 1000000, work_chunk_size: 1000184, nseq: 6758
	[0000][ M::kt_pipeline] read 6758 sequences (1000184 bp)...
[0000] 2. Calling kt_for - worker_aln
[0000] Inferring insert size distribution of PE reads from data, l_pac: 50818468, n: 6758
[0000][PE] # candidate unique pairs for (FF, FR, RF, RR): (0, 68, 3, 0)
[0000][PE] skip orientation FF as there are not enough pairs
[0000][PE] analyzing insert size distribution for orientation FR...
[0000][PE] (25, 50, 75) percentile: (416, 520, 642)
[0000][PE] low and high boundaries for computing mean and std.dev: (1, 1094)
[0000][PE] mean and std.dev: (496.25, 232.43)
[0000][PE] low and high boundaries for proper pairs: (1, 1426)
[0000][PE] skip orientation RF as there are not enough pairs
[0000][PE] skip orientation RR as there are not enough pairs
[0000] 3. Calling kt_for - worker_sam
	[0000][ M::mem_process_seqs] Processed 6758 reads in 3.964 CPU sec, 4.069 real sec
[0000] Calling mem_process_seqs.., task: 76
[0000] 1. Calling kt_for - worker_bwt
[0000] read_chunk: 1000000, work_chunk_size: 1000184, nseq: 6758
	[0000][ M::kt_pipeline] read 6758 sequences (1000184 bp)...
[0000] 2. Calling kt_for - worker_aln
[0000] Inferring insert size distribution of PE reads from data, l_pac: 50818468, n: 6758
[0000][PE] # candidate unique pairs for (FF, FR, RF, RR): (0, 60, 8, 0)
[0000][PE] skip orientation FF as there are not enough pairs
[0000][PE] analyzing insert size distribution for orientation FR...
[0000][PE] (25, 50, 75) percentile: (415, 552, 648)
[0000][PE] low and high boundaries for computing mean and std.dev: (1, 1114)
[0000][PE] mean and std.dev: (504.10, 197.09)
[0000][PE] low and high boundaries for proper pairs: (1, 1347)
[0000][PE] skip orientation RF as there are not enough pairs
[0000][PE] skip orientation RR as there are not enough pairs
[0000] 3. Calling kt_for - worker_sam
	[0000][ M::mem_process_seqs] Processed 6758 reads in 3.823 CPU sec, 2.614 real sec
[0000] Calling mem_process_seqs.., task: 77
[0000] 1. Calling kt_for - worker_bwt
[0000] read_chunk: 1000000, work_chunk_size: 1000184, nseq: 6758
	[0000][ M::kt_pipeline] read 6758 sequences (1000184 bp)...
[0000] 2. Calling kt_for - worker_aln
[0000] Inferring insert size distribution of PE reads from data, l_pac: 50818468, n: 6758
[0000][PE] # candidate unique pairs for (FF, FR, RF, RR): (0, 61, 4, 0)
[0000][PE] skip orientation FF as there are not enough pairs
[0000][PE] analyzing insert size distribution for orientation FR...
[0000][PE] (25, 50, 75) percentile: (367, 536, 635)
[0000][PE] low and high boundaries for computing mean and std.dev: (1, 1171)
[0000][PE] mean and std.dev: (491.95, 212.89)
[0000][PE] low and high boundaries for proper pairs: (1, 1439)
[0000][PE] skip orientation RF as there are not enough pairs
[0000][PE] skip orientation RR as there are not enough pairs
[0000] 3. Calling kt_for - worker_sam
	[0000][ M::mem_process_seqs] Processed 6758 reads in 5.431 CPU sec, 5.599 real sec
[0000] Calling mem_process_seqs.., task: 78
[0000] 1. Calling kt_for - worker_bwt
[0000] read_chunk: 1000000, work_chunk_size: 1000184, nseq: 6758
	[0000][ M::kt_pipeline] read 6758 sequences (1000184 bp)...
[0000] 2. Calling kt_for - worker_aln
[0000] Inferring insert size distribution of PE reads from data, l_pac: 50818468, n: 6758
[0000][PE] # candidate unique pairs for (FF, FR, RF, RR): (0, 60, 2, 0)
[0000][PE] skip orientation FF as there are not enough pairs
[0000][PE] analyzing insert size distribution for orientation FR...
[0000][PE] (25, 50, 75) percentile: (424, 547, 648)
[0000][PE] low and high boundaries for computing mean and std.dev: (1, 1096)
[0000][PE] mean and std.dev: (517.40, 207.33)
[0000][PE] low and high boundaries for proper pairs: (1, 1347)
[0000][PE] skip orientation RF as there are not enough pairs
[0000][PE] skip orientation RR as there are not enough pairs
[0000] 3. Calling kt_for - worker_sam
	[0000][ M::mem_process_seqs] Processed 6758 reads in 3.692 CPU sec, 3.772 real sec
[0000] Calling mem_process_seqs.., task: 79
[0000] 1. Calling kt_for - worker_bwt
[0000] read_chunk: 1000000, work_chunk_size: 1000184, nseq: 6758
	[0000][ M::kt_pipeline] read 6758 sequences (1000184 bp)...
[0000] 2. Calling kt_for - worker_aln
[0000] Inferring insert size distribution of PE reads from data, l_pac: 50818468, n: 6758
[0000][PE] # candidate unique pairs for (FF, FR, RF, RR): (0, 70, 8, 0)
[0000][PE] skip orientation FF as there are not enough pairs
[0000][PE] analyzing insert size distribution for orientation FR...
[0000][PE] (25, 50, 75) percentile: (409, 550, 647)
[0000][PE] low and high boundaries for computing mean and std.dev: (1, 1123)
[0000][PE] mean and std.dev: (517.60, 233.72)
[0000][PE] low and high boundaries for proper pairs: (1, 1452)
[0000][PE] skip orientation RF as there are not enough pairs
[0000][PE] skip orientation RR as there are not enough pairs
[0000] 3. Calling kt_for - worker_sam
	[0000][ M::mem_process_seqs] Processed 6758 reads in 3.755 CPU sec, 3.877 real sec
[0000] Calling mem_process_seqs.., task: 80
[0000] 1. Calling kt_for - worker_bwt
[0000] read_chunk: 1000000, work_chunk_size: 1000184, nseq: 6758
	[0000][ M::kt_pipeline] read 6758 sequences (1000184 bp)...
[0000] 2. Calling kt_for - worker_aln
[0000] Inferring insert size distribution of PE reads from data, l_pac: 50818468, n: 6758
[0000][PE] # candidate unique pairs for (FF, FR, RF, RR): (0, 62, 3, 0)
[0000][PE] skip orientation FF as there are not enough pairs
[0000][PE] analyzing insert size distribution for orientation FR...
[0000][PE] (25, 50, 75) percentile: (321, 527, 641)
[0000][PE] low and high boundaries for computing mean and std.dev: (1, 1281)
[0000][PE] mean and std.dev: (481.56, 231.45)
[0000][PE] low and high boundaries for proper pairs: (1, 1601)
[0000][PE] skip orientation RF as there are not enough pairs
[0000][PE] skip orientation RR as there are not enough pairs
[0000] 3. Calling kt_for - worker_sam
	[0000][ M::mem_process_seqs] Processed 6758 reads in 3.827 CPU sec, 3.948 real sec
[0000] Calling mem_process_seqs.., task: 81
[0000] 1. Calling kt_for - worker_bwt
[0000] read_chunk: 1000000, work_chunk_size: 1000184, nseq: 6758
	[0000][ M::kt_pipeline] read 6758 sequences (1000184 bp)...
[0000] 2. Calling kt_for - worker_aln
[0000] Inferring insert size distribution of PE reads from data, l_pac: 50818468, n: 6758
[0000][PE] # candidate unique pairs for (FF, FR, RF, RR): (0, 73, 6, 0)
[0000][PE] skip orientation FF as there are not enough pairs
[0000][PE] analyzing insert size distribution for orientation FR...
[0000][PE] (25, 50, 75) percentile: (400, 520, 636)
[0000][PE] low and high boundaries for computing mean and std.dev: (1, 1108)
[0000][PE] mean and std.dev: (488.82, 216.73)
[0000][PE] low and high boundaries for proper pairs: (1, 1356)
[0000][PE] skip orientation RF as there are not enough pairs
[0000][PE] skip orientation RR as there are not enough pairs
[0000] 3. Calling kt_for - worker_sam
	[0000][ M::mem_process_seqs] Processed 6758 reads in 3.776 CPU sec, 3.897 real sec
[0000] Calling mem_process_seqs.., task: 82
[0000] 1. Calling kt_for - worker_bwt
[0000] read_chunk: 1000000, work_chunk_size: 1000184, nseq: 6758
	[0000][ M::kt_pipeline] read 6758 sequences (1000184 bp)...
[0000] 2. Calling kt_for - worker_aln
[0000] Inferring insert size distribution of PE reads from data, l_pac: 50818468, n: 6758
[0000][PE] # candidate unique pairs for (FF, FR, RF, RR): (0, 66, 3, 0)
[0000][PE] skip orientation FF as there are not enough pairs
[0000][PE] analyzing insert size distribution for orientation FR...
[0000][PE] (25, 50, 75) percentile: (329, 516, 648)
[0000][PE] low and high boundaries for computing mean and std.dev: (1, 1286)
[0000][PE] mean and std.dev: (484.95, 222.99)
[0000][PE] low and high boundaries for proper pairs: (1, 1605)
[0000][PE] skip orientation RF as there are not enough pairs
[0000][PE] skip orientation RR as there are not enough pairs
[0000] 3. Calling kt_for - worker_sam
	[0000][ M::mem_process_seqs] Processed 6758 reads in 4.097 CPU sec, 4.232 real sec
[0000] Calling mem_process_seqs.., task: 83
[0000] 1. Calling kt_for - worker_bwt
[0000] read_chunk: 1000000, work_chunk_size: 1000184, nseq: 6758
	[0000][ M::kt_pipeline] read 6758 sequences (1000184 bp)...
[0000] 2. Calling kt_for - worker_aln
[0000] Inferring insert size distribution of PE reads from data, l_pac: 50818468, n: 6758
[0000][PE] # candidate unique pairs for (FF, FR, RF, RR): (0, 73, 3, 0)
[0000][PE] skip orientation FF as there are not enough pairs
[0000][PE] analyzing insert size distribution for orientation FR...
[0000][PE] (25, 50, 75) percentile: (369, 551, 655)
[0000][PE] low and high boundaries for computing mean and std.dev: (1, 1227)
[0000][PE] mean and std.dev: (496.68, 227.70)
[0000][PE] low and high boundaries for proper pairs: (1, 1513)
[0000][PE] skip orientation RF as there are not enough pairs
[0000][PE] skip orientation RR as there are not enough pairs
[0000] 3. Calling kt_for - worker_sam
	[0000][ M::mem_process_seqs] Processed 6758 reads in 4.089 CPU sec, 4.168 real sec
[0000] Calling mem_process_seqs.., task: 84
[0000] 1. Calling kt_for - worker_bwt
[0000] read_chunk: 1000000, work_chunk_size: 1000184, nseq: 6758
	[0000][ M::kt_pipeline] read 6758 sequences (1000184 bp)...
[0000] 2. Calling kt_for - worker_aln
[0000] Inferring insert size distribution of PE reads from data, l_pac: 50818468, n: 6758
[0000][PE] # candidate unique pairs for (FF, FR, RF, RR): (0, 59, 4, 0)
[0000][PE] skip orientation FF as there are not enough pairs
[0000][PE] analyzing insert size distribution for orientation FR...
[0000][PE] (25, 50, 75) percentile: (403, 535, 630)
[0000][PE] low and high boundaries for computing mean and std.dev: (1, 1084)
[0000][PE] mean and std.dev: (490.10, 210.75)
[0000][PE] low and high boundaries for proper pairs: (1, 1333)
[0000][PE] skip orientation RF as there are not enough pairs
[0000][PE] skip orientation RR as there are not enough pairs
[0000] 3. Calling kt_for - worker_sam
	[0000][ M::mem_process_seqs] Processed 6758 reads in 3.860 CPU sec, 2.680 real sec
[0000] Calling mem_process_seqs.., task: 85
[0000] 1. Calling kt_for - worker_bwt
[0000] read_chunk: 1000000, work_chunk_size: 1000184, nseq: 6758
	[0000][ M::kt_pipeline] read 6758 sequences (1000184 bp)...
[0000] 2. Calling kt_for - worker_aln
[0000] Inferring insert size distribution of PE reads from data, l_pac: 50818468, n: 6758
[0000][PE] # candidate unique pairs for (FF, FR, RF, RR): (0, 62, 7, 0)
[0000][PE] skip orientation FF as there are not enough pairs
[0000][PE] analyzing insert size distribution for orientation FR...
[0000][PE] (25, 50, 75) percentile: (436, 563, 640)
[0000][PE] low and high boundaries for computing mean and std.dev: (28, 1048)
[0000][PE] mean and std.dev: (530.14, 164.29)
[0000][PE] low and high boundaries for proper pairs: (1, 1252)
[0000][PE] skip orientation RF as there are not enough pairs
[0000][PE] skip orientation RR as there are not enough pairs
[0000] 3. Calling kt_for - worker_sam
	[0000][ M::mem_process_seqs] Processed 6758 reads in 3.957 CPU sec, 4.076 real sec
[0000] Calling mem_process_seqs.., task: 86
[0000] 1. Calling kt_for - worker_bwt
[0000] read_chunk: 1000000, work_chunk_size: 1000184, nseq: 6758
	[0000][ M::kt_pipeline] read 6758 sequences (1000184 bp)...
[0000] 2. Calling kt_for - worker_aln
[0000] Inferring insert size distribution of PE reads from data, l_pac: 50818468, n: 6758
[0000][PE] # candidate unique pairs for (FF, FR, RF, RR): (1, 61, 4, 1)
[0000][PE] skip orientation FF as there are not enough pairs
[0000][PE] analyzing insert size distribution for orientation FR...
[0000][PE] (25, 50, 75) percentile: (320, 535, 670)
[0000][PE] low and high boundaries for computing mean and std.dev: (1, 1370)
[0000][PE] mean and std.dev: (466.17, 235.94)
[0000][PE] low and high boundaries for proper pairs: (1, 1720)
[0000][PE] skip orientation RF as there are not enough pairs
[0000][PE] skip orientation RR as there are not enough pairs
[0000] 3. Calling kt_for - worker_sam
	[0000][ M::mem_process_seqs] Processed 6758 reads in 3.878 CPU sec, 3.993 real sec
[0000] Calling mem_process_seqs.., task: 87
[0000] 1. Calling kt_for - worker_bwt
[0000] read_chunk: 1000000, work_chunk_size: 1000184, nseq: 6758
	[0000][ M::kt_pipeline] read 6758 sequences (1000184 bp)...
[0000] 2. Calling kt_for - worker_aln
[0000] Inferring insert size distribution of PE reads from data, l_pac: 50818468, n: 6758
[0000][PE] # candidate unique pairs for (FF, FR, RF, RR): (0, 55, 3, 2)
[0000][PE] skip orientation FF as there are not enough pairs
[0000][PE] analyzing insert size distribution for orientation FR...
[0000][PE] (25, 50, 75) percentile: (426, 570, 695)
[0000][PE] low and high boundaries for computing mean and std.dev: (1, 1233)
[0000][PE] mean and std.dev: (546.11, 207.36)
[0000][PE] low and high boundaries for proper pairs: (1, 1502)
[0000][PE] skip orientation RF as there are not enough pairs
[0000][PE] skip orientation RR as there are not enough pairs
[0000] 3. Calling kt_for - worker_sam
	[0000][ M::mem_process_seqs] Processed 6758 reads in 3.844 CPU sec, 3.939 real sec
[0000] Calling mem_process_seqs.., task: 88
[0000] 1. Calling kt_for - worker_bwt
[0000] read_chunk: 1000000, work_chunk_size: 1000184, nseq: 6758
	[0000][ M::kt_pipeline] read 6758 sequences (1000184 bp)...
[0000] 2. Calling kt_for - worker_aln
[0000] Inferring insert size distribution of PE reads from data, l_pac: 50818468, n: 6758
[0000][PE] # candidate unique pairs for (FF, FR, RF, RR): (0, 66, 4, 0)
[0000][PE] skip orientation FF as there are not enough pairs
[0000][PE] analyzing insert size distribution for orientation FR...
[0000][PE] (25, 50, 75) percentile: (339, 537, 624)
[0000][PE] low and high boundaries for computing mean and std.dev: (1, 1194)
[0000][PE] mean and std.dev: (471.21, 216.62)
[0000][PE] low and high boundaries for proper pairs: (1, 1479)
[0000][PE] skip orientation RF as there are not enough pairs
[0000][PE] skip orientation RR as there are not enough pairs
[0000] 3. Calling kt_for - worker_sam
	[0000][ M::mem_process_seqs] Processed 6758 reads in 4.006 CPU sec, 4.115 real sec
[0000] Calling mem_process_seqs.., task: 89
[0000] 1. Calling kt_for - worker_bwt
[0000] read_chunk: 1000000, work_chunk_size: 1000184, nseq: 6758
	[0000][ M::kt_pipeline] read 6758 sequences (1000184 bp)...
[0000] 2. Calling kt_for - worker_aln
[0000] Inferring insert size distribution of PE reads from data, l_pac: 50818468, n: 6758
[0000][PE] # candidate unique pairs for (FF, FR, RF, RR): (0, 60, 4, 0)
[0000][PE] skip orientation FF as there are not enough pairs
[0000][PE] analyzing insert size distribution for orientation FR...
[0000][PE] (25, 50, 75) percentile: (294, 496, 624)
[0000][PE] low and high boundaries for computing mean and std.dev: (1, 1284)
[0000][PE] mean and std.dev: (479.82, 227.29)
[0000][PE] low and high boundaries for proper pairs: (1, 1614)
[0000][PE] skip orientation RF as there are not enough pairs
[0000][PE] skip orientation RR as there are not enough pairs
[0000] 3. Calling kt_for - worker_sam
	[0000][ M::mem_process_seqs] Processed 6758 reads in 3.965 CPU sec, 4.075 real sec
[0000] Calling mem_process_seqs.., task: 90
[0000] 1. Calling kt_for - worker_bwt
[0000] read_chunk: 1000000, work_chunk_size: 1000184, nseq: 6758
	[0000][ M::kt_pipeline] read 6758 sequences (1000184 bp)...
[0000] 2. Calling kt_for - worker_aln
[0000] Inferring insert size distribution of PE reads from data, l_pac: 50818468, n: 6758
[0000][PE] # candidate unique pairs for (FF, FR, RF, RR): (0, 68, 6, 0)
[0000][PE] skip orientation FF as there are not enough pairs
[0000][PE] analyzing insert size distribution for orientation FR...
[0000][PE] (25, 50, 75) percentile: (404, 566, 700)
[0000][PE] low and high boundaries for computing mean and std.dev: (1, 1292)
[0000][PE] mean and std.dev: (534.28, 227.91)
[0000][PE] low and high boundaries for proper pairs: (1, 1588)
[0000][PE] skip orientation RF as there are not enough pairs
[0000][PE] skip orientation RR as there are not enough pairs
[0000] 3. Calling kt_for - worker_sam
	[0000][ M::mem_process_seqs] Processed 6758 reads in 3.974 CPU sec, 4.083 real sec
[0000] Calling mem_process_seqs.., task: 91
[0000] 1. Calling kt_for - worker_bwt
[0000] read_chunk: 1000000, work_chunk_size: 1000184, nseq: 6758
	[0000][ M::kt_pipeline] read 6758 sequences (1000184 bp)...
[0000] 2. Calling kt_for - worker_aln
[0000] Inferring insert size distribution of PE reads from data, l_pac: 50818468, n: 6758
[0000][PE] # candidate unique pairs for (FF, FR, RF, RR): (0, 63, 2, 0)
[0000][PE] skip orientation FF as there are not enough pairs
[0000][PE] analyzing insert size distribution for orientation FR...
[0000][PE] (25, 50, 75) percentile: (395, 518, 712)
[0000][PE] low and high boundaries for computing mean and std.dev: (1, 1346)
[0000][PE] mean and std.dev: (522.21, 219.73)
[0000][PE] low and high boundaries for proper pairs: (1, 1663)
[0000][PE] skip orientation RF as there are not enough pairs
[0000][PE] skip orientation RR as there are not enough pairs
[0000] 3. Calling kt_for - worker_sam
	[0000][ M::mem_process_seqs] Processed 6758 reads in 4.234 CPU sec, 3.074 real sec
[0000] Calling mem_process_seqs.., task: 92
[0000] 1. Calling kt_for - worker_bwt
[0000] read_chunk: 1000000, work_chunk_size: 1000184, nseq: 6758
	[0000][ M::kt_pipeline] read 6758 sequences (1000184 bp)...
[0000] 2. Calling kt_for - worker_aln
[0000] Inferring insert size distribution of PE reads from data, l_pac: 50818468, n: 6758
[0000][PE] # candidate unique pairs for (FF, FR, RF, RR): (0, 59, 6, 0)
[0000][PE] skip orientation FF as there are not enough pairs
[0000][PE] analyzing insert size distribution for orientation FR...
[0000][PE] (25, 50, 75) percentile: (318, 469, 602)
[0000][PE] low and high boundaries for computing mean and std.dev: (1, 1170)
[0000][PE] mean and std.dev: (454.54, 224.18)
[0000][PE] low and high boundaries for proper pairs: (1, 1454)
[0000][PE] skip orientation RF as there are not enough pairs
[0000][PE] skip orientation RR as there are not enough pairs
[0000] 3. Calling kt_for - worker_sam
	[0000][ M::mem_process_seqs] Processed 6758 reads in 3.830 CPU sec, 3.934 real sec
[0000] Calling mem_process_seqs.., task: 93
[0000] 1. Calling kt_for - worker_bwt
[0000] read_chunk: 1000000, work_chunk_size: 1000184, nseq: 6758
	[0000][ M::kt_pipeline] read 6758 sequences (1000184 bp)...
[0000] 2. Calling kt_for - worker_aln
[0000] Inferring insert size distribution of PE reads from data, l_pac: 50818468, n: 6758
[0000][PE] # candidate unique pairs for (FF, FR, RF, RR): (0, 60, 3, 0)
[0000][PE] skip orientation FF as there are not enough pairs
[0000][PE] analyzing insert size distribution for orientation FR...
[0000][PE] (25, 50, 75) percentile: (326, 493, 599)
[0000][PE] low and high boundaries for computing mean and std.dev: (1, 1145)
[0000][PE] mean and std.dev: (451.64, 213.37)
[0000][PE] low and high boundaries for proper pairs: (1, 1418)
[0000][PE] skip orientation RF as there are not enough pairs
[0000][PE] skip orientation RR as there are not enough pairs
[0000] 3. Calling kt_for - worker_sam
	[0000][ M::mem_process_seqs] Processed 6758 reads in 4.313 CPU sec, 4.436 real sec
[0000] Calling mem_process_seqs.., task: 94
[0000] 1. Calling kt_for - worker_bwt
[0000] read_chunk: 1000000, work_chunk_size: 1000184, nseq: 6758
	[0000][ M::kt_pipeline] read 6758 sequences (1000184 bp)...
[0000] 2. Calling kt_for - worker_aln
[0000] Inferring insert size distribution of PE reads from data, l_pac: 50818468, n: 6758
[0000][PE] # candidate unique pairs for (FF, FR, RF, RR): (0, 54, 3, 0)
[0000][PE] skip orientation FF as there are not enough pairs
[0000][PE] analyzing insert size distribution for orientation FR...
[0000][PE] (25, 50, 75) percentile: (393, 496, 602)
[0000][PE] low and high boundaries for computing mean and std.dev: (1, 1020)
[0000][PE] mean and std.dev: (486.17, 172.97)
[0000][PE] low and high boundaries for proper pairs: (1, 1229)
[0000][PE] skip orientation RF as there are not enough pairs
[0000][PE] skip orientation RR as there are not enough pairs
[0000] 3. Calling kt_for - worker_sam
	[0000][ M::mem_process_seqs] Processed 6758 reads in 4.217 CPU sec, 4.336 real sec
[0000] Calling mem_process_seqs.., task: 95
[0000] 1. Calling kt_for - worker_bwt
[0000] read_chunk: 1000000, work_chunk_size: 1000184, nseq: 6758
	[0000][ M::kt_pipeline] read 6758 sequences (1000184 bp)...
[0000] 2. Calling kt_for - worker_aln
[0000] Inferring insert size distribution of PE reads from data, l_pac: 50818468, n: 6758
[0000][PE] # candidate unique pairs for (FF, FR, RF, RR): (0, 67, 4, 0)
[0000][PE] skip orientation FF as there are not enough pairs
[0000][PE] analyzing insert size distribution for orientation FR...
[0000][PE] (25, 50, 75) percentile: (424, 559, 677)
[0000][PE] low and high boundaries for computing mean and std.dev: (1, 1183)
[0000][PE] mean and std.dev: (530.91, 238.27)
[0000][PE] low and high boundaries for proper pairs: (1, 1484)
[0000][PE] skip orientation RF as there are not enough pairs
[0000][PE] skip orientation RR as there are not enough pairs
[0000] 3. Calling kt_for - worker_sam
	[0000][ M::mem_process_seqs] Processed 6758 reads in 7.095 CPU sec, 7.334 real sec
[0000] Calling mem_process_seqs.., task: 96
[0000] 1. Calling kt_for - worker_bwt
[0000] read_chunk: 1000000, work_chunk_size: 1000184, nseq: 6758
	[0000][ M::kt_pipeline] read 6758 sequences (1000184 bp)...
[0000] 2. Calling kt_for - worker_aln
[0000] Inferring insert size distribution of PE reads from data, l_pac: 50818468, n: 6758
[0000][PE] # candidate unique pairs for (FF, FR, RF, RR): (0, 77, 5, 0)
[0000][PE] skip orientation FF as there are not enough pairs
[0000][PE] analyzing insert size distribution for orientation FR...
[0000][PE] (25, 50, 75) percentile: (322, 492, 591)
[0000][PE] low and high boundaries for computing mean and std.dev: (1, 1129)
[0000][PE] mean and std.dev: (462.24, 218.00)
[0000][PE] low and high boundaries for proper pairs: (1, 1398)
[0000][PE] skip orientation RF as there are not enough pairs
[0000][PE] skip orientation RR as there are not enough pairs
[0000] 3. Calling kt_for - worker_sam
	[0000][ M::mem_process_seqs] Processed 6758 reads in 4.612 CPU sec, 4.645 real sec
[0000] Calling mem_process_seqs.., task: 97
[0000] 1. Calling kt_for - worker_bwt
[0000] read_chunk: 1000000, work_chunk_size: 1000184, nseq: 6758
	[0000][ M::kt_pipeline] read 6758 sequences (1000184 bp)...
[0000] 2. Calling kt_for - worker_aln
[0000] Inferring insert size distribution of PE reads from data, l_pac: 50818468, n: 6758
[0000][PE] # candidate unique pairs for (FF, FR, RF, RR): (0, 62, 3, 0)
[0000][PE] skip orientation FF as there are not enough pairs
[0000][PE] analyzing insert size distribution for orientation FR...
[0000][PE] (25, 50, 75) percentile: (400, 531, 663)
[0000][PE] low and high boundaries for computing mean and std.dev: (1, 1189)
[0000][PE] mean and std.dev: (497.22, 206.63)
[0000][PE] low and high boundaries for proper pairs: (1, 1452)
[0000][PE] skip orientation RF as there are not enough pairs
[0000][PE] skip orientation RR as there are not enough pairs
[0000] 3. Calling kt_for - worker_sam
	[0000][ M::mem_process_seqs] Processed 6758 reads in 4.252 CPU sec, 4.365 real sec
[0000] Calling mem_process_seqs.., task: 98
[0000] 1. Calling kt_for - worker_bwt
[0000] read_chunk: 1000000, work_chunk_size: 1000184, nseq: 6758
	[0000][ M::kt_pipeline] read 6758 sequences (1000184 bp)...
[0000] 2. Calling kt_for - worker_aln
[0000] Inferring insert size distribution of PE reads from data, l_pac: 50818468, n: 6758
[0000][PE] # candidate unique pairs for (FF, FR, RF, RR): (0, 52, 7, 0)
[0000][PE] skip orientation FF as there are not enough pairs
[0000][PE] analyzing insert size distribution for orientation FR...
[0000][PE] (25, 50, 75) percentile: (372, 503, 628)
[0000][PE] low and high boundaries for computing mean and std.dev: (1, 1140)
[0000][PE] mean and std.dev: (448.00, 211.02)
[0000][PE] low and high boundaries for proper pairs: (1, 1396)
[0000][PE] skip orientation RF as there are not enough pairs
[0000][PE] skip orientation RR as there are not enough pairs
[0000] 3. Calling kt_for - worker_sam
	[0000][ M::mem_process_seqs] Processed 6758 reads in 4.124 CPU sec, 2.978 real sec
[0000] Calling mem_process_seqs.., task: 99
[0000] 1. Calling kt_for - worker_bwt
[0000] read_chunk: 1000000, work_chunk_size: 1000184, nseq: 6758
	[0000][ M::kt_pipeline] read 6758 sequences (1000184 bp)...
[0000] 2. Calling kt_for - worker_aln
[0000] Inferring insert size distribution of PE reads from data, l_pac: 50818468, n: 6758
[0000][PE] # candidate unique pairs for (FF, FR, RF, RR): (0, 63, 4, 0)
[0000][PE] skip orientation FF as there are not enough pairs
[0000][PE] analyzing insert size distribution for orientation FR...
[0000][PE] (25, 50, 75) percentile: (410, 547, 664)
[0000][PE] low and high boundaries for computing mean and std.dev: (1, 1172)
[0000][PE] mean and std.dev: (498.90, 205.55)
[0000][PE] low and high boundaries for proper pairs: (1, 1426)
[0000][PE] skip orientation RF as there are not enough pairs
[0000][PE] skip orientation RR as there are not enough pairs
[0000] 3. Calling kt_for - worker_sam
	[0000][ M::mem_process_seqs] Processed 6758 reads in 3.878 CPU sec, 3.978 real sec
[0000] Calling mem_process_seqs.., task: 100
[0000] 1. Calling kt_for - worker_bwt
[0000] read_chunk: 1000000, work_chunk_size: 1000184, nseq: 6758
	[0000][ M::kt_pipeline] read 6758 sequences (1000184 bp)...
[0000] 2. Calling kt_for - worker_aln
[0000] Inferring insert size distribution of PE reads from data, l_pac: 50818468, n: 6758
[0000][PE] # candidate unique pairs for (FF, FR, RF, RR): (0, 74, 5, 0)
[0000][PE] skip orientation FF as there are not enough pairs
[0000][PE] analyzing insert size distribution for orientation FR...
[0000][PE] (25, 50, 75) percentile: (379, 501, 628)
[0000][PE] low and high boundaries for computing mean and std.dev: (1, 1126)
[0000][PE] mean and std.dev: (494.78, 194.24)
[0000][PE] low and high boundaries for proper pairs: (1, 1375)
[0000][PE] skip orientation RF as there are not enough pairs
[0000][PE] skip orientation RR as there are not enough pairs
[0000] 3. Calling kt_for - worker_sam
	[0000][ M::mem_process_seqs] Processed 6758 reads in 3.967 CPU sec, 4.071 real sec
[0000] Calling mem_process_seqs.., task: 101
[0000] 1. Calling kt_for - worker_bwt
[0000] read_chunk: 1000000, work_chunk_size: 1000184, nseq: 6758
	[0000][ M::kt_pipeline] read 6758 sequences (1000184 bp)...
[0000] 2. Calling kt_for - worker_aln
[0000] Inferring insert size distribution of PE reads from data, l_pac: 50818468, n: 6758
[0000][PE] # candidate unique pairs for (FF, FR, RF, RR): (0, 54, 3, 0)
[0000][PE] skip orientation FF as there are not enough pairs
[0000][PE] analyzing insert size distribution for orientation FR...
[0000][PE] (25, 50, 75) percentile: (404, 524, 628)
[0000][PE] low and high boundaries for computing mean and std.dev: (1, 1076)
[0000][PE] mean and std.dev: (496.44, 205.94)
[0000][PE] low and high boundaries for proper pairs: (1, 1320)
[0000][PE] skip orientation RF as there are not enough pairs
[0000][PE] skip orientation RR as there are not enough pairs
[0000] 3. Calling kt_for - worker_sam
	[0000][ M::mem_process_seqs] Processed 6758 reads in 3.827 CPU sec, 3.957 real sec
[0000] Calling mem_process_seqs.., task: 102
[0000] 1. Calling kt_for - worker_bwt
[0000] read_chunk: 1000000, work_chunk_size: 1000184, nseq: 6758
	[0000][ M::kt_pipeline] read 6758 sequences (1000184 bp)...
[0000] 2. Calling kt_for - worker_aln
[0000] Inferring insert size distribution of PE reads from data, l_pac: 50818468, n: 6758
[0000][PE] # candidate unique pairs for (FF, FR, RF, RR): (0, 65, 8, 0)
[0000][PE] skip orientation FF as there are not enough pairs
[0000][PE] analyzing insert size distribution for orientation FR...
[0000][PE] (25, 50, 75) percentile: (399, 546, 699)
[0000][PE] low and high boundaries for computing mean and std.dev: (1, 1299)
[0000][PE] mean and std.dev: (528.24, 225.43)
[0000][PE] low and high boundaries for proper pairs: (1, 1599)
[0000][PE] skip orientation RF as there are not enough pairs
[0000][PE] skip orientation RR as there are not enough pairs
[0000] 3. Calling kt_for - worker_sam
	[0000][ M::mem_process_seqs] Processed 6758 reads in 4.175 CPU sec, 4.312 real sec
[0000] Calling mem_process_seqs.., task: 103
[0000] 1. Calling kt_for - worker_bwt
[0000] read_chunk: 1000000, work_chunk_size: 1000184, nseq: 6758
	[0000][ M::kt_pipeline] read 6758 sequences (1000184 bp)...
[0000] 2. Calling kt_for - worker_aln
[0000] Inferring insert size distribution of PE reads from data, l_pac: 50818468, n: 6758
[0000][PE] # candidate unique pairs for (FF, FR, RF, RR): (1, 67, 3, 0)
[0000][PE] skip orientation FF as there are not enough pairs
[0000][PE] analyzing insert size distribution for orientation FR...
[0000][PE] (25, 50, 75) percentile: (339, 502, 615)
[0000][PE] low and high boundaries for computing mean and std.dev: (1, 1167)
[0000][PE] mean and std.dev: (453.09, 209.24)
[0000][PE] low and high boundaries for proper pairs: (1, 1443)
[0000][PE] skip orientation RF as there are not enough pairs
[0000][PE] skip orientation RR as there are not enough pairs
[0000] 3. Calling kt_for - worker_sam
	[0000][ M::mem_process_seqs] Processed 6758 reads in 3.762 CPU sec, 3.890 real sec
[0000] Calling mem_process_seqs.., task: 104
[0000] 1. Calling kt_for - worker_bwt
[0000] read_chunk: 1000000, work_chunk_size: 1000184, nseq: 6758
	[0000][ M::kt_pipeline] read 6758 sequences (1000184 bp)...
[0000] 2. Calling kt_for - worker_aln
[0000] Inferring insert size distribution of PE reads from data, l_pac: 50818468, n: 6758
[0000][PE] # candidate unique pairs for (FF, FR, RF, RR): (0, 67, 1, 0)
[0000][PE] skip orientation FF as there are not enough pairs
[0000][PE] analyzing insert size distribution for orientation FR...
[0000][PE] (25, 50, 75) percentile: (442, 547, 660)
[0000][PE] low and high boundaries for computing mean and std.dev: (6, 1096)
[0000][PE] mean and std.dev: (521.17, 215.60)
[0000][PE] low and high boundaries for proper pairs: (1, 1384)
[0000][PE] skip orientation RF as there are not enough pairs
[0000][PE] skip orientation RR as there are not enough pairs
[0000] 3. Calling kt_for - worker_sam
	[0000][ M::mem_process_seqs] Processed 6758 reads in 3.717 CPU sec, 3.835 real sec
[0000] Calling mem_process_seqs.., task: 105
[0000] 1. Calling kt_for - worker_bwt
[0000] read_chunk: 1000000, work_chunk_size: 1000184, nseq: 6758
	[0000][ M::kt_pipeline] read 6758 sequences (1000184 bp)...
[0000] 2. Calling kt_for - worker_aln
[0000] Inferring insert size distribution of PE reads from data, l_pac: 50818468, n: 6758
[0000][PE] # candidate unique pairs for (FF, FR, RF, RR): (0, 47, 3, 0)
[0000][PE] skip orientation FF as there are not enough pairs
[0000][PE] analyzing insert size distribution for orientation FR...
[0000][PE] (25, 50, 75) percentile: (393, 512, 648)
[0000][PE] low and high boundaries for computing mean and std.dev: (1, 1158)
[0000][PE] mean and std.dev: (514.51, 195.85)
[0000][PE] low and high boundaries for proper pairs: (1, 1413)
[0000][PE] skip orientation RF as there are not enough pairs
[0000][PE] skip orientation RR as there are not enough pairs
[0000] 3. Calling kt_for - worker_sam
	[0000][ M::mem_process_seqs] Processed 6758 reads in 4.053 CPU sec, 4.163 real sec
[0000] Calling mem_process_seqs.., task: 106
[0000] 1. Calling kt_for - worker_bwt
[0000] read_chunk: 1000000, work_chunk_size: 1000184, nseq: 6758
	[0000][ M::kt_pipeline] read 6758 sequences (1000184 bp)...
[0000] 2. Calling kt_for - worker_aln
[0000] Inferring insert size distribution of PE reads from data, l_pac: 50818468, n: 6758
[0000][PE] # candidate unique pairs for (FF, FR, RF, RR): (1, 70, 7, 0)
[0000][PE] skip orientation FF as there are not enough pairs
[0000][PE] analyzing insert size distribution for orientation FR...
[0000][PE] (25, 50, 75) percentile: (352, 459, 584)
[0000][PE] low and high boundaries for computing mean and std.dev: (1, 1048)
[0000][PE] mean and std.dev: (461.06, 206.14)
[0000][PE] low and high boundaries for proper pairs: (1, 1286)
[0000][PE] skip orientation RF as there are not enough pairs
[0000][PE] skip orientation RR as there are not enough pairs
[0000] 3. Calling kt_for - worker_sam
	[0000][ M::mem_process_seqs] Processed 6758 reads in 3.807 CPU sec, 2.596 real sec
[0000] Calling mem_process_seqs.., task: 107
[0000] 1. Calling kt_for - worker_bwt
[0000] read_chunk: 1000000, work_chunk_size: 1000184, nseq: 6758
	[0000][ M::kt_pipeline] read 6758 sequences (1000184 bp)...
[0000] 2. Calling kt_for - worker_aln
[0000] Inferring insert size distribution of PE reads from data, l_pac: 50818468, n: 6758
[0000][PE] # candidate unique pairs for (FF, FR, RF, RR): (0, 83, 3, 0)
[0000][PE] skip orientation FF as there are not enough pairs
[0000][PE] analyzing insert size distribution for orientation FR...
[0000][PE] (25, 50, 75) percentile: (440, 558, 645)
[0000][PE] low and high boundaries for computing mean and std.dev: (30, 1055)
[0000][PE] mean and std.dev: (526.30, 172.51)
[0000][PE] low and high boundaries for proper pairs: (1, 1260)
[0000][PE] skip orientation RF as there are not enough pairs
[0000][PE] skip orientation RR as there are not enough pairs
[0000] 3. Calling kt_for - worker_sam
	[0000][ M::mem_process_seqs] Processed 6758 reads in 3.838 CPU sec, 3.953 real sec
[0000] Calling mem_process_seqs.., task: 108
[0000] 1. Calling kt_for - worker_bwt
[0000] 2. Calling kt_for - worker_aln
[0000] read_chunk: 1000000, work_chunk_size: 1000184, nseq: 6758
	[0000][ M::kt_pipeline] read 6758 sequences (1000184 bp)...
[0000] Inferring insert size distribution of PE reads from data, l_pac: 50818468, n: 6758
[0000][PE] # candidate unique pairs for (FF, FR, RF, RR): (0, 64, 6, 0)
[0000][PE] skip orientation FF as there are not enough pairs
[0000][PE] analyzing insert size distribution for orientation FR...
[0000][PE] (25, 50, 75) percentile: (396, 538, 741)
[0000][PE] low and high boundaries for computing mean and std.dev: (1, 1431)
[0000][PE] mean and std.dev: (528.21, 222.16)
[0000][PE] low and high boundaries for proper pairs: (1, 1776)
[0000][PE] skip orientation RF as there are not enough pairs
[0000][PE] skip orientation RR as there are not enough pairs
[0000] 3. Calling kt_for - worker_sam
	[0000][ M::mem_process_seqs] Processed 6758 reads in 4.646 CPU sec, 4.789 real sec
[0000] Calling mem_process_seqs.., task: 109
[0000] 1. Calling kt_for - worker_bwt
[0000] read_chunk: 1000000, work_chunk_size: 1000184, nseq: 6758
	[0000][ M::kt_pipeline] read 6758 sequences (1000184 bp)...
[0000] 2. Calling kt_for - worker_aln
[0000] Inferring insert size distribution of PE reads from data, l_pac: 50818468, n: 6758
[0000][PE] # candidate unique pairs for (FF, FR, RF, RR): (0, 63, 3, 0)
[0000][PE] skip orientation FF as there are not enough pairs
[0000][PE] analyzing insert size distribution for orientation FR...
[0000][PE] (25, 50, 75) percentile: (424, 577, 697)
[0000][PE] low and high boundaries for computing mean and std.dev: (1, 1243)
[0000][PE] mean and std.dev: (539.52, 222.72)
[0000][PE] low and high boundaries for proper pairs: (1, 1516)
[0000][PE] skip orientation RF as there are not enough pairs
[0000][PE] skip orientation RR as there are not enough pairs
[0000] 3. Calling kt_for - worker_sam
	[0000][ M::mem_process_seqs] Processed 6758 reads in 4.140 CPU sec, 4.247 real sec
[0000] Calling mem_process_seqs.., task: 110
[0000] 1. Calling kt_for - worker_bwt
[0000] read_chunk: 1000000, work_chunk_size: 1000184, nseq: 6758
	[0000][ M::kt_pipeline] read 6758 sequences (1000184 bp)...
[0000] 2. Calling kt_for - worker_aln
[0000] Inferring insert size distribution of PE reads from data, l_pac: 50818468, n: 6758
[0000][PE] # candidate unique pairs for (FF, FR, RF, RR): (0, 66, 2, 0)
[0000][PE] skip orientation FF as there are not enough pairs
[0000][PE] analyzing insert size distribution for orientation FR...
[0000][PE] (25, 50, 75) percentile: (274, 493, 624)
[0000][PE] low and high boundaries for computing mean and std.dev: (1, 1324)
[0000][PE] mean and std.dev: (458.97, 235.43)
[0000][PE] low and high boundaries for proper pairs: (1, 1674)
[0000][PE] skip orientation RF as there are not enough pairs
[0000][PE] skip orientation RR as there are not enough pairs
[0000] 3. Calling kt_for - worker_sam
	[0000][ M::mem_process_seqs] Processed 6758 reads in 4.137 CPU sec, 4.275 real sec
[0000] Calling mem_process_seqs.., task: 111
[0000] 1. Calling kt_for - worker_bwt
[0000] read_chunk: 1000000, work_chunk_size: 1000184, nseq: 6758
	[0000][ M::kt_pipeline] read 6758 sequences (1000184 bp)...
[0000] 2. Calling kt_for - worker_aln
[0000] Inferring insert size distribution of PE reads from data, l_pac: 50818468, n: 6758
[0000][PE] # candidate unique pairs for (FF, FR, RF, RR): (0, 81, 6, 0)
[0000][PE] skip orientation FF as there are not enough pairs
[0000][PE] analyzing insert size distribution for orientation FR...
[0000][PE] (25, 50, 75) percentile: (359, 534, 649)
[0000][PE] low and high boundaries for computing mean and std.dev: (1, 1229)
[0000][PE] mean and std.dev: (496.49, 235.75)
[0000][PE] low and high boundaries for proper pairs: (1, 1519)
[0000][PE] skip orientation RF as there are not enough pairs
[0000][PE] skip orientation RR as there are not enough pairs
[0000] 3. Calling kt_for - worker_sam
	[0000][ M::mem_process_seqs] Processed 6758 reads in 4.041 CPU sec, 3.986 real sec
[0000] Calling mem_process_seqs.., task: 112
[0000] 1. Calling kt_for - worker_bwt
[0000] read_chunk: 1000000, work_chunk_size: 1000184, nseq: 6758
	[0000][ M::kt_pipeline] read 6758 sequences (1000184 bp)...
[0000] 2. Calling kt_for - worker_aln
[0000] Inferring insert size distribution of PE reads from data, l_pac: 50818468, n: 6758
[0000][PE] # candidate unique pairs for (FF, FR, RF, RR): (0, 66, 7, 0)
[0000][PE] skip orientation FF as there are not enough pairs
[0000][PE] analyzing insert size distribution for orientation FR...
[0000][PE] (25, 50, 75) percentile: (313, 512, 605)
[0000][PE] low and high boundaries for computing mean and std.dev: (1, 1189)
[0000][PE] mean and std.dev: (471.11, 209.69)
[0000][PE] low and high boundaries for proper pairs: (1, 1481)
[0000][PE] skip orientation RF as there are not enough pairs
[0000][PE] skip orientation RR as there are not enough pairs
[0000] 3. Calling kt_for - worker_sam
	[0000][ M::mem_process_seqs] Processed 6758 reads in 4.154 CPU sec, 3.988 real sec
[0000] Calling mem_process_seqs.., task: 113
[0000] 1. Calling kt_for - worker_bwt
[0000] read_chunk: 1000000, work_chunk_size: 1000184, nseq: 6758
	[0000][ M::kt_pipeline] read 6758 sequences (1000184 bp)...
[0000] 2. Calling kt_for - worker_aln
[0000] Inferring insert size distribution of PE reads from data, l_pac: 50818468, n: 6758
[0000][PE] # candidate unique pairs for (FF, FR, RF, RR): (0, 74, 2, 0)
[0000][PE] skip orientation FF as there are not enough pairs
[0000][PE] analyzing insert size distribution for orientation FR...
[0000][PE] (25, 50, 75) percentile: (415, 571, 665)
[0000][PE] low and high boundaries for computing mean and std.dev: (1, 1165)
[0000][PE] mean and std.dev: (511.15, 237.34)
[0000][PE] low and high boundaries for proper pairs: (1, 1461)
[0000][PE] skip orientation RF as there are not enough pairs
[0000][PE] skip orientation RR as there are not enough pairs
[0000] 3. Calling kt_for - worker_sam
	[0000][ M::mem_process_seqs] Processed 6758 reads in 3.816 CPU sec, 3.916 real sec
[0000] Calling mem_process_seqs.., task: 114
[0000] 1. Calling kt_for - worker_bwt
[0000] read_chunk: 1000000, work_chunk_size: 1000184, nseq: 6758
	[0000][ M::kt_pipeline] read 6758 sequences (1000184 bp)...
[0000] 2. Calling kt_for - worker_aln
[0000] Inferring insert size distribution of PE reads from data, l_pac: 50818468, n: 6758
[0000][PE] # candidate unique pairs for (FF, FR, RF, RR): (0, 75, 1, 0)
[0000][PE] skip orientation FF as there are not enough pairs
[0000][PE] analyzing insert size distribution for orientation FR...
[0000][PE] (25, 50, 75) percentile: (415, 545, 659)
[0000][PE] low and high boundaries for computing mean and std.dev: (1, 1147)
[0000][PE] mean and std.dev: (513.41, 184.98)
[0000][PE] low and high boundaries for proper pairs: (1, 1391)
[0000][PE] skip orientation RF as there are not enough pairs
[0000][PE] skip orientation RR as there are not enough pairs
[0000] 3. Calling kt_for - worker_sam
	[0000][ M::mem_process_seqs] Processed 6758 reads in 3.918 CPU sec, 2.755 real sec
[0000] Calling mem_process_seqs.., task: 115
[0000] 1. Calling kt_for - worker_bwt
[0000] read_chunk: 1000000, work_chunk_size: 1000184, nseq: 6758
	[0000][ M::kt_pipeline] read 6758 sequences (1000184 bp)...
[0000] 2. Calling kt_for - worker_aln
[0000] Inferring insert size distribution of PE reads from data, l_pac: 50818468, n: 6758
[0000][PE] # candidate unique pairs for (FF, FR, RF, RR): (0, 70, 5, 0)
[0000][PE] skip orientation FF as there are not enough pairs
[0000][PE] analyzing insert size distribution for orientation FR...
[0000][PE] (25, 50, 75) percentile: (411, 542, 660)
[0000][PE] low and high boundaries for computing mean and std.dev: (1, 1158)
[0000][PE] mean and std.dev: (527.61, 206.31)
[0000][PE] low and high boundaries for proper pairs: (1, 1407)
[0000][PE] skip orientation RF as there are not enough pairs
[0000][PE] skip orientation RR as there are not enough pairs
[0000] 3. Calling kt_for - worker_sam
	[0000][ M::mem_process_seqs] Processed 6758 reads in 3.816 CPU sec, 3.910 real sec
[0000] Calling mem_process_seqs.., task: 116
[0000] 1. Calling kt_for - worker_bwt
[0000] read_chunk: 1000000, work_chunk_size: 1000184, nseq: 6758
	[0000][ M::kt_pipeline] read 6758 sequences (1000184 bp)...
[0000] 2. Calling kt_for - worker_aln
[0000] Inferring insert size distribution of PE reads from data, l_pac: 50818468, n: 6758
[0000][PE] # candidate unique pairs for (FF, FR, RF, RR): (0, 59, 3, 0)
[0000][PE] skip orientation FF as there are not enough pairs
[0000][PE] analyzing insert size distribution for orientation FR...
[0000][PE] (25, 50, 75) percentile: (347, 545, 627)
[0000][PE] low and high boundaries for computing mean and std.dev: (1, 1187)
[0000][PE] mean and std.dev: (498.40, 225.03)
[0000][PE] low and high boundaries for proper pairs: (1, 1467)
[0000][PE] skip orientation RF as there are not enough pairs
[0000][PE] skip orientation RR as there are not enough pairs
[0000] 3. Calling kt_for - worker_sam
	[0000][ M::mem_process_seqs] Processed 6758 reads in 4.011 CPU sec, 4.123 real sec
[0000] Calling mem_process_seqs.., task: 117
[0000] 1. Calling kt_for - worker_bwt
[0000] read_chunk: 1000000, work_chunk_size: 1000184, nseq: 6758
	[0000][ M::kt_pipeline] read 6758 sequences (1000184 bp)...
[0000] 2. Calling kt_for - worker_aln
[0000] Inferring insert size distribution of PE reads from data, l_pac: 50818468, n: 6758
[0000][PE] # candidate unique pairs for (FF, FR, RF, RR): (0, 68, 2, 1)
[0000][PE] skip orientation FF as there are not enough pairs
[0000][PE] analyzing insert size distribution for orientation FR...
[0000][PE] (25, 50, 75) percentile: (386, 483, 629)
[0000][PE] low and high boundaries for computing mean and std.dev: (1, 1115)
[0000][PE] mean and std.dev: (484.29, 181.67)
[0000][PE] low and high boundaries for proper pairs: (1, 1358)
[0000][PE] skip orientation RF as there are not enough pairs
[0000][PE] skip orientation RR as there are not enough pairs
[0000] 3. Calling kt_for - worker_sam
	[0000][ M::mem_process_seqs] Processed 6758 reads in 3.876 CPU sec, 3.977 real sec
[0000] Calling mem_process_seqs.., task: 118
[0000] 1. Calling kt_for - worker_bwt
[0000] read_chunk: 1000000, work_chunk_size: 1000184, nseq: 6758
	[0000][ M::kt_pipeline] read 6758 sequences (1000184 bp)...
[0000] 2. Calling kt_for - worker_aln
[0000] Inferring insert size distribution of PE reads from data, l_pac: 50818468, n: 6758
[0000][PE] # candidate unique pairs for (FF, FR, RF, RR): (0, 65, 3, 0)
[0000][PE] skip orientation FF as there are not enough pairs
[0000][PE] analyzing insert size distribution for orientation FR...
[0000][PE] (25, 50, 75) percentile: (350, 546, 644)
[0000][PE] low and high boundaries for computing mean and std.dev: (1, 1232)
[0000][PE] mean and std.dev: (489.02, 199.27)
[0000][PE] low and high boundaries for proper pairs: (1, 1526)
[0000][PE] skip orientation RF as there are not enough pairs
[0000][PE] skip orientation RR as there are not enough pairs
[0000] 3. Calling kt_for - worker_sam
	[0000][ M::mem_process_seqs] Processed 6758 reads in 4.023 CPU sec, 4.143 real sec
[0000] Calling mem_process_seqs.., task: 119
[0000] 1. Calling kt_for - worker_bwt
[0000] read_chunk: 1000000, work_chunk_size: 1000184, nseq: 6758
	[0000][ M::kt_pipeline] read 6758 sequences (1000184 bp)...
[0000] 2. Calling kt_for - worker_aln
[0000] Inferring insert size distribution of PE reads from data, l_pac: 50818468, n: 6758
[0000][PE] # candidate unique pairs for (FF, FR, RF, RR): (1, 55, 5, 0)
[0000][PE] skip orientation FF as there are not enough pairs
[0000][PE] analyzing insert size distribution for orientation FR...
[0000][PE] (25, 50, 75) percentile: (328, 458, 629)
[0000][PE] low and high boundaries for computing mean and std.dev: (1, 1231)
[0000][PE] mean and std.dev: (463.96, 215.53)
[0000][PE] low and high boundaries for proper pairs: (1, 1532)
[0000][PE] skip orientation RF as there are not enough pairs
[0000][PE] skip orientation RR as there are not enough pairs
[0000] 3. Calling kt_for - worker_sam
	[0000][ M::mem_process_seqs] Processed 6758 reads in 3.880 CPU sec, 4.004 real sec
[0000] Calling mem_process_seqs.., task: 120
[0000] 1. Calling kt_for - worker_bwt
[0000] read_chunk: 1000000, work_chunk_size: 1000184, nseq: 6758
	[0000][ M::kt_pipeline] read 6758 sequences (1000184 bp)...
[0000] 2. Calling kt_for - worker_aln
[0000] Inferring insert size distribution of PE reads from data, l_pac: 50818468, n: 6758
[0000][PE] # candidate unique pairs for (FF, FR, RF, RR): (0, 62, 2, 0)
[0000][PE] skip orientation FF as there are not enough pairs
[0000][PE] analyzing insert size distribution for orientation FR...
[0000][PE] (25, 50, 75) percentile: (454, 540, 634)
[0000][PE] low and high boundaries for computing mean and std.dev: (94, 994)
[0000][PE] mean and std.dev: (520.32, 176.05)
[0000][PE] low and high boundaries for proper pairs: (1, 1225)
[0000][PE] skip orientation RF as there are not enough pairs
[0000][PE] skip orientation RR as there are not enough pairs
[0000] 3. Calling kt_for - worker_sam
	[0000][ M::mem_process_seqs] Processed 6758 reads in 3.708 CPU sec, 3.820 real sec
[0000] Calling mem_process_seqs.., task: 121
[0000] 1. Calling kt_for - worker_bwt
[0000] read_chunk: 1000000, work_chunk_size: 1000184, nseq: 6758
	[0000][ M::kt_pipeline] read 6758 sequences (1000184 bp)...
[0000] 2. Calling kt_for - worker_aln
[0000] Inferring insert size distribution of PE reads from data, l_pac: 50818468, n: 6758
[0000][PE] # candidate unique pairs for (FF, FR, RF, RR): (0, 60, 5, 0)
[0000][PE] skip orientation FF as there are not enough pairs
[0000][PE] analyzing insert size distribution for orientation FR...
[0000][PE] (25, 50, 75) percentile: (437, 534, 649)
[0000][PE] low and high boundaries for computing mean and std.dev: (13, 1073)
[0000][PE] mean and std.dev: (510.07, 211.95)
[0000][PE] low and high boundaries for proper pairs: (1, 1358)
[0000][PE] skip orientation RF as there are not enough pairs
[0000][PE] skip orientation RR as there are not enough pairs
[0000] 3. Calling kt_for - worker_sam
	[0000][ M::mem_process_seqs] Processed 6758 reads in 3.746 CPU sec, 3.850 real sec
[0000] Calling mem_process_seqs.., task: 122
[0000] 1. Calling kt_for - worker_bwt
[0000] read_chunk: 1000000, work_chunk_size: 1000184, nseq: 6758
	[0000][ M::kt_pipeline] read 6758 sequences (1000184 bp)...
[0000] 2. Calling kt_for - worker_aln
[0000] Inferring insert size distribution of PE reads from data, l_pac: 50818468, n: 6758
[0000][PE] # candidate unique pairs for (FF, FR, RF, RR): (0, 55, 4, 0)
[0000][PE] skip orientation FF as there are not enough pairs
[0000][PE] analyzing insert size distribution for orientation FR...
[0000][PE] (25, 50, 75) percentile: (391, 534, 660)
[0000][PE] low and high boundaries for computing mean and std.dev: (1, 1198)
[0000][PE] mean and std.dev: (488.56, 210.35)
[0000][PE] low and high boundaries for proper pairs: (1, 1467)
[0000][PE] skip orientation RF as there are not enough pairs
[0000][PE] skip orientation RR as there are not enough pairs
[0000] 3. Calling kt_for - worker_sam
	[0000][ M::mem_process_seqs] Processed 6758 reads in 3.781 CPU sec, 2.585 real sec
[0000] Calling mem_process_seqs.., task: 123
[0000] 1. Calling kt_for - worker_bwt
[0000] read_chunk: 1000000, work_chunk_size: 1000184, nseq: 6758
	[0000][ M::kt_pipeline] read 6758 sequences (1000184 bp)...
[0000] 2. Calling kt_for - worker_aln
[0000] Inferring insert size distribution of PE reads from data, l_pac: 50818468, n: 6758
[0000][PE] # candidate unique pairs for (FF, FR, RF, RR): (1, 67, 3, 1)
[0000][PE] skip orientation FF as there are not enough pairs
[0000][PE] analyzing insert size distribution for orientation FR...
[0000][PE] (25, 50, 75) percentile: (391, 514, 612)
[0000][PE] low and high boundaries for computing mean and std.dev: (1, 1054)
[0000][PE] mean and std.dev: (486.08, 211.46)
[0000][PE] low and high boundaries for proper pairs: (1, 1332)
[0000][PE] skip orientation RF as there are not enough pairs
[0000][PE] skip orientation RR as there are not enough pairs
[0000] 3. Calling kt_for - worker_sam
	[0000][ M::mem_process_seqs] Processed 6758 reads in 3.904 CPU sec, 4.014 real sec
[0000] Calling mem_process_seqs.., task: 124
[0000] 1. Calling kt_for - worker_bwt
[0000] read_chunk: 1000000, work_chunk_size: 1000184, nseq: 6758
	[0000][ M::kt_pipeline] read 6758 sequences (1000184 bp)...
[0000] 2. Calling kt_for - worker_aln
[0000] Inferring insert size distribution of PE reads from data, l_pac: 50818468, n: 6758
[0000][PE] # candidate unique pairs for (FF, FR, RF, RR): (0, 56, 3, 0)
[0000][PE] skip orientation FF as there are not enough pairs
[0000][PE] analyzing insert size distribution for orientation FR...
[0000][PE] (25, 50, 75) percentile: (344, 518, 617)
[0000][PE] low and high boundaries for computing mean and std.dev: (1, 1163)
[0000][PE] mean and std.dev: (479.59, 236.56)
[0000][PE] low and high boundaries for proper pairs: (1, 1436)
[0000][PE] skip orientation RF as there are not enough pairs
[0000][PE] skip orientation RR as there are not enough pairs
[0000] 3. Calling kt_for - worker_sam
	[0000][ M::mem_process_seqs] Processed 6758 reads in 3.881 CPU sec, 3.981 real sec
[0000] Calling mem_process_seqs.., task: 125
[0000] 1. Calling kt_for - worker_bwt
[0000] read_chunk: 1000000, work_chunk_size: 1000184, nseq: 6758
	[0000][ M::kt_pipeline] read 6758 sequences (1000184 bp)...
[0000] 2. Calling kt_for - worker_aln
[0000] Inferring insert size distribution of PE reads from data, l_pac: 50818468, n: 6758
[0000][PE] # candidate unique pairs for (FF, FR, RF, RR): (0, 65, 5, 0)
[0000][PE] skip orientation FF as there are not enough pairs
[0000][PE] analyzing insert size distribution for orientation FR...
[0000][PE] (25, 50, 75) percentile: (422, 520, 659)
[0000][PE] low and high boundaries for computing mean and std.dev: (1, 1133)
[0000][PE] mean and std.dev: (510.06, 232.28)
[0000][PE] low and high boundaries for proper pairs: (1, 1439)
[0000][PE] skip orientation RF as there are not enough pairs
[0000][PE] skip orientation RR as there are not enough pairs
[0000] 3. Calling kt_for - worker_sam
	[0000][ M::mem_process_seqs] Processed 6758 reads in 3.832 CPU sec, 3.958 real sec
[0000] Calling mem_process_seqs.., task: 126
[0000] 1. Calling kt_for - worker_bwt
[0000] read_chunk: 1000000, work_chunk_size: 1000184, nseq: 6758
	[0000][ M::kt_pipeline] read 6758 sequences (1000184 bp)...
[0000] 2. Calling kt_for - worker_aln
[0000] Inferring insert size distribution of PE reads from data, l_pac: 50818468, n: 6758
[0000][PE] # candidate unique pairs for (FF, FR, RF, RR): (0, 68, 7, 0)
[0000][PE] skip orientation FF as there are not enough pairs
[0000][PE] analyzing insert size distribution for orientation FR...
[0000][PE] (25, 50, 75) percentile: (388, 530, 609)
[0000][PE] low and high boundaries for computing mean and std.dev: (1, 1051)
[0000][PE] mean and std.dev: (478.50, 199.93)
[0000][PE] low and high boundaries for proper pairs: (1, 1278)
[0000][PE] skip orientation RF as there are not enough pairs
[0000][PE] skip orientation RR as there are not enough pairs
[0000] 3. Calling kt_for - worker_sam
	[0000][ M::mem_process_seqs] Processed 6758 reads in 3.872 CPU sec, 4.013 real sec
[0000] Calling mem_process_seqs.., task: 127
[0000] 1. Calling kt_for - worker_bwt
[0000] read_chunk: 1000000, work_chunk_size: 1000184, nseq: 6758
	[0000][ M::kt_pipeline] read 6758 sequences (1000184 bp)...
[0000] 2. Calling kt_for - worker_aln
[0000] Inferring insert size distribution of PE reads from data, l_pac: 50818468, n: 6758
[0000][PE] # candidate unique pairs for (FF, FR, RF, RR): (0, 47, 3, 0)
[0000][PE] skip orientation FF as there are not enough pairs
[0000][PE] analyzing insert size distribution for orientation FR...
[0000][PE] (25, 50, 75) percentile: (378, 503, 647)
[0000][PE] low and high boundaries for computing mean and std.dev: (1, 1185)
[0000][PE] mean and std.dev: (476.51, 209.15)
[0000][PE] low and high boundaries for proper pairs: (1, 1454)
[0000][PE] skip orientation RF as there are not enough pairs
[0000][PE] skip orientation RR as there are not enough pairs
[0000] 3. Calling kt_for - worker_sam
	[0000][ M::mem_process_seqs] Processed 6758 reads in 3.743 CPU sec, 3.867 real sec
[0000] Calling mem_process_seqs.., task: 128
[0000] 1. Calling kt_for - worker_bwt
[0000] read_chunk: 1000000, work_chunk_size: 1000184, nseq: 6758
	[0000][ M::kt_pipeline] read 6758 sequences (1000184 bp)...
[0000] 2. Calling kt_for - worker_aln
[0000] Inferring insert size distribution of PE reads from data, l_pac: 50818468, n: 6758
[0000][PE] # candidate unique pairs for (FF, FR, RF, RR): (0, 72, 3, 0)
[0000][PE] skip orientation FF as there are not enough pairs
[0000][PE] analyzing insert size distribution for orientation FR...
[0000][PE] (25, 50, 75) percentile: (394, 553, 647)
[0000][PE] low and high boundaries for computing mean and std.dev: (1, 1153)
[0000][PE] mean and std.dev: (504.83, 215.73)
[0000][PE] low and high boundaries for proper pairs: (1, 1406)
[0000][PE] skip orientation RF as there are not enough pairs
[0000][PE] skip orientation RR as there are not enough pairs
[0000] 3. Calling kt_for - worker_sam
	[0000][ M::mem_process_seqs] Processed 6758 reads in 4.100 CPU sec, 4.230 real sec
[0000] Calling mem_process_seqs.., task: 129
[0000] 1. Calling kt_for - worker_bwt
[0000] read_chunk: 1000000, work_chunk_size: 1000184, nseq: 6758
	[0000][ M::kt_pipeline] read 6758 sequences (1000184 bp)...
[0000] 2. Calling kt_for - worker_aln
[0000] Inferring insert size distribution of PE reads from data, l_pac: 50818468, n: 6758
[0000][PE] # candidate unique pairs for (FF, FR, RF, RR): (0, 63, 0, 0)
[0000][PE] skip orientation FF as there are not enough pairs
[0000][PE] analyzing insert size distribution for orientation FR...
[0000][PE] (25, 50, 75) percentile: (316, 546, 667)
[0000][PE] low and high boundaries for computing mean and std.dev: (1, 1369)
[0000][PE] mean and std.dev: (487.71, 265.11)
[0000][PE] low and high boundaries for proper pairs: (1, 1720)
[0000][PE] skip orientation RF as there are not enough pairs
[0000][PE] skip orientation RR as there are not enough pairs
[0000] 3. Calling kt_for - worker_sam
	[0000][ M::mem_process_seqs] Processed 6758 reads in 4.117 CPU sec, 4.251 real sec
[0000] Calling mem_process_seqs.., task: 130
[0000] 1. Calling kt_for - worker_bwt
[0000] read_chunk: 1000000, work_chunk_size: 1000184, nseq: 6758
	[0000][ M::kt_pipeline] read 6758 sequences (1000184 bp)...
[0000] 2. Calling kt_for - worker_aln
[0000] Inferring insert size distribution of PE reads from data, l_pac: 50818468, n: 6758
[0000][PE] # candidate unique pairs for (FF, FR, RF, RR): (0, 56, 8, 0)
[0000][PE] skip orientation FF as there are not enough pairs
[0000][PE] analyzing insert size distribution for orientation FR...
[0000][PE] (25, 50, 75) percentile: (396, 612, 706)
[0000][PE] low and high boundaries for computing mean and std.dev: (1, 1326)
[0000][PE] mean and std.dev: (537.98, 231.36)
[0000][PE] low and high boundaries for proper pairs: (1, 1636)
[0000][PE] skip orientation RF as there are not enough pairs
[0000][PE] skip orientation RR as there are not enough pairs
[0000] 3. Calling kt_for - worker_sam
	[0000][ M::mem_process_seqs] Processed 6758 reads in 5.412 CPU sec, 4.270 real sec
[0000] Calling mem_process_seqs.., task: 131
[0000] 1. Calling kt_for - worker_bwt
[0000] read_chunk: 1000000, work_chunk_size: 1000184, nseq: 6758
	[0000][ M::kt_pipeline] read 6758 sequences (1000184 bp)...
[0000] 2. Calling kt_for - worker_aln
[0000] Inferring insert size distribution of PE reads from data, l_pac: 50818468, n: 6758
[0000][PE] # candidate unique pairs for (FF, FR, RF, RR): (0, 62, 6, 0)
[0000][PE] skip orientation FF as there are not enough pairs
[0000][PE] analyzing insert size distribution for orientation FR...
[0000][PE] (25, 50, 75) percentile: (362, 478, 626)
[0000][PE] low and high boundaries for computing mean and std.dev: (1, 1154)
[0000][PE] mean and std.dev: (478.85, 230.81)
[0000][PE] low and high boundaries for proper pairs: (1, 1418)
[0000][PE] skip orientation RF as there are not enough pairs
[0000][PE] skip orientation RR as there are not enough pairs
[0000] 3. Calling kt_for - worker_sam
	[0000][ M::mem_process_seqs] Processed 6758 reads in 4.611 CPU sec, 4.743 real sec
[0000] Calling mem_process_seqs.., task: 132
[0000] 1. Calling kt_for - worker_bwt
[0000] read_chunk: 1000000, work_chunk_size: 1000184, nseq: 6758
	[0000][ M::kt_pipeline] read 6758 sequences (1000184 bp)...
[0000] 2. Calling kt_for - worker_aln
[0000] Inferring insert size distribution of PE reads from data, l_pac: 50818468, n: 6758
[0000][PE] # candidate unique pairs for (FF, FR, RF, RR): (0, 71, 6, 0)
[0000][PE] skip orientation FF as there are not enough pairs
[0000][PE] analyzing insert size distribution for orientation FR...
[0000][PE] (25, 50, 75) percentile: (359, 486, 583)
[0000][PE] low and high boundaries for computing mean and std.dev: (1, 1031)
[0000][PE] mean and std.dev: (459.41, 202.74)
[0000][PE] low and high boundaries for proper pairs: (1, 1270)
[0000][PE] skip orientation RF as there are not enough pairs
[0000][PE] skip orientation RR as there are not enough pairs
[0000] 3. Calling kt_for - worker_sam
	[0000][ M::mem_process_seqs] Processed 6758 reads in 4.161 CPU sec, 4.286 real sec
[0000] Calling mem_process_seqs.., task: 133
[0000] 1. Calling kt_for - worker_bwt
[0000] read_chunk: 1000000, work_chunk_size: 1000184, nseq: 6758
	[0000][ M::kt_pipeline] read 6758 sequences (1000184 bp)...
[0000] 2. Calling kt_for - worker_aln
[0000] Inferring insert size distribution of PE reads from data, l_pac: 50818468, n: 6758
[0000][PE] # candidate unique pairs for (FF, FR, RF, RR): (1, 69, 2, 0)
[0000][PE] skip orientation FF as there are not enough pairs
[0000][PE] analyzing insert size distribution for orientation FR...
[0000][PE] (25, 50, 75) percentile: (376, 536, 648)
[0000][PE] low and high boundaries for computing mean and std.dev: (1, 1192)
[0000][PE] mean and std.dev: (483.79, 215.24)
[0000][PE] low and high boundaries for proper pairs: (1, 1464)
[0000][PE] skip orientation RF as there are not enough pairs
[0000][PE] skip orientation RR as there are not enough pairs
[0000] 3. Calling kt_for - worker_sam
	[0000][ M::mem_process_seqs] Processed 6758 reads in 4.449 CPU sec, 4.588 real sec
[0000] Calling mem_process_seqs.., task: 134
[0000] 1. Calling kt_for - worker_bwt
[0000] read_chunk: 1000000, work_chunk_size: 1000184, nseq: 6758
	[0000][ M::kt_pipeline] read 6758 sequences (1000184 bp)...
[0000] 2. Calling kt_for - worker_aln
[0000] Inferring insert size distribution of PE reads from data, l_pac: 50818468, n: 6758
[0000][PE] # candidate unique pairs for (FF, FR, RF, RR): (0, 63, 7, 0)
[0000][PE] skip orientation FF as there are not enough pairs
[0000][PE] analyzing insert size distribution for orientation FR...
[0000][PE] (25, 50, 75) percentile: (351, 495, 647)
[0000][PE] low and high boundaries for computing mean and std.dev: (1, 1239)
[0000][PE] mean and std.dev: (493.57, 218.59)
[0000][PE] low and high boundaries for proper pairs: (1, 1535)
[0000][PE] skip orientation RF as there are not enough pairs
[0000][PE] skip orientation RR as there are not enough pairs
[0000] 3. Calling kt_for - worker_sam
	[0000][ M::mem_process_seqs] Processed 6758 reads in 4.472 CPU sec, 4.614 real sec
[0000] Calling mem_process_seqs.., task: 135
[0000] 1. Calling kt_for - worker_bwt
[0000] read_chunk: 1000000, work_chunk_size: 1000184, nseq: 6758
	[0000][ M::kt_pipeline] read 6758 sequences (1000184 bp)...
[0000] 2. Calling kt_for - worker_aln
[0000] Inferring insert size distribution of PE reads from data, l_pac: 50818468, n: 6758
[0000][PE] # candidate unique pairs for (FF, FR, RF, RR): (0, 54, 6, 0)
[0000][PE] skip orientation FF as there are not enough pairs
[0000][PE] analyzing insert size distribution for orientation FR...
[0000][PE] (25, 50, 75) percentile: (389, 587, 676)
[0000][PE] low and high boundaries for computing mean and std.dev: (1, 1250)
[0000][PE] mean and std.dev: (543.24, 218.07)
[0000][PE] low and high boundaries for proper pairs: (1, 1537)
[0000][PE] skip orientation RF as there are not enough pairs
[0000][PE] skip orientation RR as there are not enough pairs
[0000] 3. Calling kt_for - worker_sam
	[0000][ M::mem_process_seqs] Processed 6758 reads in 4.444 CPU sec, 4.600 real sec
[0000] Calling mem_process_seqs.., task: 136
[0000] 1. Calling kt_for - worker_bwt
[0000] read_chunk: 1000000, work_chunk_size: 1000184, nseq: 6758
	[0000][ M::kt_pipeline] read 6758 sequences (1000184 bp)...
[0000] 2. Calling kt_for - worker_aln
[0000] Inferring insert size distribution of PE reads from data, l_pac: 50818468, n: 6758
[0000][PE] # candidate unique pairs for (FF, FR, RF, RR): (0, 67, 4, 0)
[0000][PE] skip orientation FF as there are not enough pairs
[0000][PE] analyzing insert size distribution for orientation FR...
[0000][PE] (25, 50, 75) percentile: (408, 507, 650)
[0000][PE] low and high boundaries for computing mean and std.dev: (1, 1134)
[0000][PE] mean and std.dev: (506.84, 228.45)
[0000][PE] low and high boundaries for proper pairs: (1, 1421)
[0000][PE] skip orientation RF as there are not enough pairs
[0000][PE] skip orientation RR as there are not enough pairs
[0000] 3. Calling kt_for - worker_sam
	[0000][ M::mem_process_seqs] Processed 6758 reads in 4.963 CPU sec, 5.125 real sec
[0000] Calling mem_process_seqs.., task: 137
[0000] 1. Calling kt_for - worker_bwt
[0000] read_chunk: 1000000, work_chunk_size: 1000184, nseq: 6758
	[0000][ M::kt_pipeline] read 6758 sequences (1000184 bp)...
[0000] 2. Calling kt_for - worker_aln
[0000] Inferring insert size distribution of PE reads from data, l_pac: 50818468, n: 6758
[0000][PE] # candidate unique pairs for (FF, FR, RF, RR): (0, 66, 6, 0)
[0000][PE] skip orientation FF as there are not enough pairs
[0000][PE] analyzing insert size distribution for orientation FR...
[0000][PE] (25, 50, 75) percentile: (425, 533, 661)
[0000][PE] low and high boundaries for computing mean and std.dev: (1, 1133)
[0000][PE] mean and std.dev: (517.62, 218.20)
[0000][PE] low and high boundaries for proper pairs: (1, 1390)
[0000][PE] skip orientation RF as there are not enough pairs
[0000][PE] skip orientation RR as there are not enough pairs
[0000] 3. Calling kt_for - worker_sam
	[0000][ M::mem_process_seqs] Processed 6758 reads in 5.000 CPU sec, 3.807 real sec
[0000] Calling mem_process_seqs.., task: 138
[0000] 1. Calling kt_for - worker_bwt
[0000] read_chunk: 1000000, work_chunk_size: 1000184, nseq: 6758
	[0000][ M::kt_pipeline] read 6758 sequences (1000184 bp)...
[0000] 2. Calling kt_for - worker_aln
[0000] Inferring insert size distribution of PE reads from data, l_pac: 50818468, n: 6758
[0000][PE] # candidate unique pairs for (FF, FR, RF, RR): (0, 59, 8, 0)
[0000][PE] skip orientation FF as there are not enough pairs
[0000][PE] analyzing insert size distribution for orientation FR...
[0000][PE] (25, 50, 75) percentile: (441, 533, 631)
[0000][PE] low and high boundaries for computing mean and std.dev: (61, 1011)
[0000][PE] mean and std.dev: (507.90, 192.43)
[0000][PE] low and high boundaries for proper pairs: (1, 1278)
[0000][PE] skip orientation RF as there are not enough pairs
[0000][PE] skip orientation RR as there are not enough pairs
[0000] 3. Calling kt_for - worker_sam
	[0000][ M::mem_process_seqs] Processed 6758 reads in 4.520 CPU sec, 4.647 real sec
[0000] Calling mem_process_seqs.., task: 139
[0000] 1. Calling kt_for - worker_bwt
[0000] read_chunk: 1000000, work_chunk_size: 1000184, nseq: 6758
	[0000][ M::kt_pipeline] read 6758 sequences (1000184 bp)...
[0000] 2. Calling kt_for - worker_aln
[0000] Inferring insert size distribution of PE reads from data, l_pac: 50818468, n: 6758
[0000][PE] # candidate unique pairs for (FF, FR, RF, RR): (0, 61, 4, 0)
[0000][PE] skip orientation FF as there are not enough pairs
[0000][PE] analyzing insert size distribution for orientation FR...
[0000][PE] (25, 50, 75) percentile: (374, 513, 644)
[0000][PE] low and high boundaries for computing mean and std.dev: (1, 1184)
[0000][PE] mean and std.dev: (487.68, 201.11)
[0000][PE] low and high boundaries for proper pairs: (1, 1454)
[0000][PE] skip orientation RF as there are not enough pairs
[0000][PE] skip orientation RR as there are not enough pairs
[0000] 3. Calling kt_for - worker_sam
	[0000][ M::mem_process_seqs] Processed 6758 reads in 4.559 CPU sec, 4.706 real sec
[0000] Calling mem_process_seqs.., task: 140
[0000] 1. Calling kt_for - worker_bwt
[0000] read_chunk: 1000000, work_chunk_size: 1000184, nseq: 6758
	[0000][ M::kt_pipeline] read 6758 sequences (1000184 bp)...
[0000] 2. Calling kt_for - worker_aln
[0000] Inferring insert size distribution of PE reads from data, l_pac: 50818468, n: 6758
[0000][PE] # candidate unique pairs for (FF, FR, RF, RR): (0, 64, 6, 0)
[0000][PE] skip orientation FF as there are not enough pairs
[0000][PE] analyzing insert size distribution for orientation FR...
[0000][PE] (25, 50, 75) percentile: (446, 566, 700)
[0000][PE] low and high boundaries for computing mean and std.dev: (1, 1208)
[0000][PE] mean and std.dev: (534.94, 191.97)
[0000][PE] low and high boundaries for proper pairs: (1, 1462)
[0000][PE] skip orientation RF as there are not enough pairs
[0000][PE] skip orientation RR as there are not enough pairs
[0000] 3. Calling kt_for - worker_sam
	[0000][ M::mem_process_seqs] Processed 6758 reads in 4.310 CPU sec, 4.476 real sec
[0000] Calling mem_process_seqs.., task: 141
[0000] 1. Calling kt_for - worker_bwt
[0000] read_chunk: 1000000, work_chunk_size: 1000184, nseq: 6758
	[0000][ M::kt_pipeline] read 6758 sequences (1000184 bp)...
[0000] 2. Calling kt_for - worker_aln
[0000] Inferring insert size distribution of PE reads from data, l_pac: 50818468, n: 6758
[0000][PE] # candidate unique pairs for (FF, FR, RF, RR): (0, 66, 6, 0)
[0000][PE] skip orientation FF as there are not enough pairs
[0000][PE] analyzing insert size distribution for orientation FR...
[0000][PE] (25, 50, 75) percentile: (263, 500, 641)
[0000][PE] low and high boundaries for computing mean and std.dev: (1, 1397)
[0000][PE] mean and std.dev: (456.94, 237.49)
[0000][PE] low and high boundaries for proper pairs: (1, 1775)
[0000][PE] skip orientation RF as there are not enough pairs
[0000][PE] skip orientation RR as there are not enough pairs
[0000] 3. Calling kt_for - worker_sam
	[0000][ M::mem_process_seqs] Processed 6758 reads in 4.965 CPU sec, 5.143 real sec
[0000] Calling mem_process_seqs.., task: 142
[0000] 1. Calling kt_for - worker_bwt
[0000] read_chunk: 1000000, work_chunk_size: 1000184, nseq: 6758
	[0000][ M::kt_pipeline] read 6758 sequences (1000184 bp)...
[0000] 2. Calling kt_for - worker_aln
[0000] Inferring insert size distribution of PE reads from data, l_pac: 50818468, n: 6758
[0000][PE] # candidate unique pairs for (FF, FR, RF, RR): (0, 53, 10, 0)
[0000][PE] skip orientation FF as there are not enough pairs
[0000][PE] analyzing insert size distribution for orientation FR...
[0000][PE] (25, 50, 75) percentile: (288, 486, 633)
[0000][PE] low and high boundaries for computing mean and std.dev: (1, 1323)
[0000][PE] mean and std.dev: (463.98, 225.09)
[0000][PE] low and high boundaries for proper pairs: (1, 1668)
[0000][PE] analyzing insert size distribution for orientation RF...
[0000][PE] (25, 50, 75) percentile: (188, 237, 327)
[0000][PE] low and high boundaries for computing mean and std.dev: (1, 605)
[0000][PE] mean and std.dev: (253.10, 145.71)
[0000][PE] low and high boundaries for proper pairs: (1, 836)
[0000][PE] skip orientation RR as there are not enough pairs
[0000] 3. Calling kt_for - worker_sam
	[0000][ M::mem_process_seqs] Processed 6758 reads in 5.737 CPU sec, 5.925 real sec
[0000] Calling mem_process_seqs.., task: 143
[0000] 1. Calling kt_for - worker_bwt
[0000] read_chunk: 1000000, work_chunk_size: 1000184, nseq: 6758
	[0000][ M::kt_pipeline] read 6758 sequences (1000184 bp)...
[0000] 2. Calling kt_for - worker_aln
[0000] Inferring insert size distribution of PE reads from data, l_pac: 50818468, n: 6758
[0000][PE] # candidate unique pairs for (FF, FR, RF, RR): (0, 67, 6, 1)
[0000][PE] skip orientation FF as there are not enough pairs
[0000][PE] analyzing insert size distribution for orientation FR...
[0000][PE] (25, 50, 75) percentile: (339, 497, 626)
[0000][PE] low and high boundaries for computing mean and std.dev: (1, 1200)
[0000][PE] mean and std.dev: (453.52, 224.29)
[0000][PE] low and high boundaries for proper pairs: (1, 1487)
[0000][PE] skip orientation RF as there are not enough pairs
[0000][PE] skip orientation RR as there are not enough pairs
[0000] 3. Calling kt_for - worker_sam
	[0000][ M::mem_process_seqs] Processed 6758 reads in 4.621 CPU sec, 3.365 real sec
[0000] Calling mem_process_seqs.., task: 144
[0000] 1. Calling kt_for - worker_bwt
[0000] read_chunk: 1000000, work_chunk_size: 1000184, nseq: 6758
	[0000][ M::kt_pipeline] read 6758 sequences (1000184 bp)...
[0000] 2. Calling kt_for - worker_aln
[0000] Inferring insert size distribution of PE reads from data, l_pac: 50818468, n: 6758
[0000][PE] # candidate unique pairs for (FF, FR, RF, RR): (0, 68, 2, 0)
[0000][PE] skip orientation FF as there are not enough pairs
[0000][PE] analyzing insert size distribution for orientation FR...
[0000][PE] (25, 50, 75) percentile: (384, 532, 627)
[0000][PE] low and high boundaries for computing mean and std.dev: (1, 1113)
[0000][PE] mean and std.dev: (492.07, 195.84)
[0000][PE] low and high boundaries for proper pairs: (1, 1356)
[0000][PE] skip orientation RF as there are not enough pairs
[0000][PE] skip orientation RR as there are not enough pairs
[0000] 3. Calling kt_for - worker_sam
	[0000][ M::mem_process_seqs] Processed 6758 reads in 4.081 CPU sec, 4.195 real sec
[0000] Calling mem_process_seqs.., task: 145
[0000] 1. Calling kt_for - worker_bwt
[0000] read_chunk: 1000000, work_chunk_size: 1000184, nseq: 6758
	[0000][ M::kt_pipeline] read 6758 sequences (1000184 bp)...
[0000] 2. Calling kt_for - worker_aln
[0000] Inferring insert size distribution of PE reads from data, l_pac: 50818468, n: 6758
[0000][PE] # candidate unique pairs for (FF, FR, RF, RR): (0, 70, 3, 0)
[0000][PE] skip orientation FF as there are not enough pairs
[0000][PE] analyzing insert size distribution for orientation FR...
[0000][PE] (25, 50, 75) percentile: (290, 493, 659)
[0000][PE] low and high boundaries for computing mean and std.dev: (1, 1397)
[0000][PE] mean and std.dev: (462.57, 244.03)
[0000][PE] low and high boundaries for proper pairs: (1, 1766)
[0000][PE] skip orientation RF as there are not enough pairs
[0000][PE] skip orientation RR as there are not enough pairs
[0000] 3. Calling kt_for - worker_sam
	[0000][ M::mem_process_seqs] Processed 6758 reads in 4.377 CPU sec, 4.496 real sec
[0000] Calling mem_process_seqs.., task: 146
[0000] 1. Calling kt_for - worker_bwt
[0000] read_chunk: 1000000, work_chunk_size: 1000184, nseq: 6758
	[0000][ M::kt_pipeline] read 6758 sequences (1000184 bp)...
[0000] 2. Calling kt_for - worker_aln
[0000] Inferring insert size distribution of PE reads from data, l_pac: 50818468, n: 6758
[0000][PE] # candidate unique pairs for (FF, FR, RF, RR): (0, 69, 5, 0)
[0000][PE] skip orientation FF as there are not enough pairs
[0000][PE] analyzing insert size distribution for orientation FR...
[0000][PE] (25, 50, 75) percentile: (328, 485, 620)
[0000][PE] low and high boundaries for computing mean and std.dev: (1, 1204)
[0000][PE] mean and std.dev: (464.64, 204.81)
[0000][PE] low and high boundaries for proper pairs: (1, 1496)
[0000][PE] skip orientation RF as there are not enough pairs
[0000][PE] skip orientation RR as there are not enough pairs
[0000] 3. Calling kt_for - worker_sam
	[0000][ M::mem_process_seqs] Processed 6758 reads in 5.355 CPU sec, 5.510 real sec
[0000] Calling mem_process_seqs.., task: 147
[0000] 1. Calling kt_for - worker_bwt
[0000] read_chunk: 1000000, work_chunk_size: 1000184, nseq: 6758
	[0000][ M::kt_pipeline] read 6758 sequences (1000184 bp)...
[0000] 2. Calling kt_for - worker_aln
[0000] Inferring insert size distribution of PE reads from data, l_pac: 50818468, n: 6758
[0000][PE] # candidate unique pairs for (FF, FR, RF, RR): (0, 66, 8, 0)
[0000][PE] skip orientation FF as there are not enough pairs
[0000][PE] analyzing insert size distribution for orientation FR...
[0000][PE] (25, 50, 75) percentile: (350, 547, 652)
[0000][PE] low and high boundaries for computing mean and std.dev: (1, 1256)
[0000][PE] mean and std.dev: (503.69, 209.45)
[0000][PE] low and high boundaries for proper pairs: (1, 1558)
[0000][PE] skip orientation RF as there are not enough pairs
[0000][PE] skip orientation RR as there are not enough pairs
[0000] 3. Calling kt_for - worker_sam
	[0000][ M::mem_process_seqs] Processed 6758 reads in 8.680 CPU sec, 8.974 real sec
[0000] Calling mem_process_seqs.., task: 148
[0000] 1. Calling kt_for - worker_bwt
[0000] read_chunk: 1000000, work_chunk_size: 1000184, nseq: 6758
	[0000][ M::kt_pipeline] read 6758 sequences (1000184 bp)...
[0000] 2. Calling kt_for - worker_aln
[0000] Inferring insert size distribution of PE reads from data, l_pac: 50818468, n: 6758
[0000][PE] # candidate unique pairs for (FF, FR, RF, RR): (0, 56, 2, 0)
[0000][PE] skip orientation FF as there are not enough pairs
[0000][PE] analyzing insert size distribution for orientation FR...
[0000][PE] (25, 50, 75) percentile: (414, 603, 709)
[0000][PE] low and high boundaries for computing mean and std.dev: (1, 1299)
[0000][PE] mean and std.dev: (549.16, 214.43)
[0000][PE] low and high boundaries for proper pairs: (1, 1594)
[0000][PE] skip orientation RF as there are not enough pairs
[0000][PE] skip orientation RR as there are not enough pairs
[0000] 3. Calling kt_for - worker_sam
	[0000][ M::mem_process_seqs] Processed 6758 reads in 5.507 CPU sec, 5.689 real sec
[0000] Calling mem_process_seqs.., task: 149
[0000] 1. Calling kt_for - worker_bwt
[0000] read_chunk: 1000000, work_chunk_size: 1000184, nseq: 6758
	[0000][ M::kt_pipeline] read 6758 sequences (1000184 bp)...
[0000] 2. Calling kt_for - worker_aln
[0000] Inferring insert size distribution of PE reads from data, l_pac: 50818468, n: 6758
[0000][PE] # candidate unique pairs for (FF, FR, RF, RR): (0, 58, 5, 0)
[0000][PE] skip orientation FF as there are not enough pairs
[0000][PE] analyzing insert size distribution for orientation FR...
[0000][PE] (25, 50, 75) percentile: (366, 537, 670)
[0000][PE] low and high boundaries for computing mean and std.dev: (1, 1278)
[0000][PE] mean and std.dev: (483.38, 232.46)
[0000][PE] low and high boundaries for proper pairs: (1, 1582)
[0000][PE] skip orientation RF as there are not enough pairs
[0000][PE] skip orientation RR as there are not enough pairs
[0000] 3. Calling kt_for - worker_sam
	[0000][ M::mem_process_seqs] Processed 6758 reads in 4.191 CPU sec, 3.050 real sec
[0000] Calling mem_process_seqs.., task: 150
[0000] 1. Calling kt_for - worker_bwt
[0000] read_chunk: 1000000, work_chunk_size: 1000184, nseq: 6758
	[0000][ M::kt_pipeline] read 6758 sequences (1000184 bp)...
[0000] 2. Calling kt_for - worker_aln
[0000] Inferring insert size distribution of PE reads from data, l_pac: 50818468, n: 6758
[0000][PE] # candidate unique pairs for (FF, FR, RF, RR): (0, 60, 2, 1)
[0000][PE] skip orientation FF as there are not enough pairs
[0000][PE] analyzing insert size distribution for orientation FR...
[0000][PE] (25, 50, 75) percentile: (443, 556, 652)
[0000][PE] low and high boundaries for computing mean and std.dev: (25, 1070)
[0000][PE] mean and std.dev: (518.68, 167.40)
[0000][PE] low and high boundaries for proper pairs: (1, 1279)
[0000][PE] skip orientation RF as there are not enough pairs
[0000][PE] skip orientation RR as there are not enough pairs
[0000] 3. Calling kt_for - worker_sam
	[0000][ M::mem_process_seqs] Processed 6758 reads in 3.968 CPU sec, 4.102 real sec
[0000] Calling mem_process_seqs.., task: 151
[0000] 1. Calling kt_for - worker_bwt
[0000] read_chunk: 1000000, work_chunk_size: 1000184, nseq: 6758
	[0000][ M::kt_pipeline] read 6758 sequences (1000184 bp)...
[0000] 2. Calling kt_for - worker_aln
[0000] Inferring insert size distribution of PE reads from data, l_pac: 50818468, n: 6758
[0000][PE] # candidate unique pairs for (FF, FR, RF, RR): (1, 50, 3, 0)
[0000][PE] skip orientation FF as there are not enough pairs
[0000][PE] analyzing insert size distribution for orientation FR...
[0000][PE] (25, 50, 75) percentile: (338, 528, 613)
[0000][PE] low and high boundaries for computing mean and std.dev: (1, 1163)
[0000][PE] mean and std.dev: (474.02, 233.60)
[0000][PE] low and high boundaries for proper pairs: (1, 1438)
[0000][PE] skip orientation RF as there are not enough pairs
[0000][PE] skip orientation RR as there are not enough pairs
[0000] 3. Calling kt_for - worker_sam
	[0000][ M::mem_process_seqs] Processed 6758 reads in 4.061 CPU sec, 4.177 real sec
[0000] Calling mem_process_seqs.., task: 152
[0000] 1. Calling kt_for - worker_bwt
[0000] read_chunk: 1000000, work_chunk_size: 1000184, nseq: 6758
	[0000][ M::kt_pipeline] read 6758 sequences (1000184 bp)...
[0000] 2. Calling kt_for - worker_aln
[0000] Inferring insert size distribution of PE reads from data, l_pac: 50818468, n: 6758
[0000][PE] # candidate unique pairs for (FF, FR, RF, RR): (0, 74, 6, 0)
[0000][PE] skip orientation FF as there are not enough pairs
[0000][PE] analyzing insert size distribution for orientation FR...
[0000][PE] (25, 50, 75) percentile: (394, 535, 616)
[0000][PE] low and high boundaries for computing mean and std.dev: (1, 1060)
[0000][PE] mean and std.dev: (496.70, 207.07)
[0000][PE] low and high boundaries for proper pairs: (1, 1325)
[0000][PE] skip orientation RF as there are not enough pairs
[0000][PE] skip orientation RR as there are not enough pairs
[0000] 3. Calling kt_for - worker_sam
	[0000][ M::mem_process_seqs] Processed 6758 reads in 4.229 CPU sec, 4.357 real sec
[0000] Calling mem_process_seqs.., task: 153
[0000] 1. Calling kt_for - worker_bwt
[0000] read_chunk: 1000000, work_chunk_size: 1000184, nseq: 6758
	[0000][ M::kt_pipeline] read 6758 sequences (1000184 bp)...
[0000] 2. Calling kt_for - worker_aln
[0000] Inferring insert size distribution of PE reads from data, l_pac: 50818468, n: 6758
[0000][PE] # candidate unique pairs for (FF, FR, RF, RR): (0, 52, 6, 0)
[0000][PE] skip orientation FF as there are not enough pairs
[0000][PE] analyzing insert size distribution for orientation FR...
[0000][PE] (25, 50, 75) percentile: (320, 438, 594)
[0000][PE] low and high boundaries for computing mean and std.dev: (1, 1142)
[0000][PE] mean and std.dev: (436.27, 195.60)
[0000][PE] low and high boundaries for proper pairs: (1, 1416)
[0000][PE] skip orientation RF as there are not enough pairs
[0000][PE] skip orientation RR as there are not enough pairs
[0000] 3. Calling kt_for - worker_sam
	[0000][ M::mem_process_seqs] Processed 6758 reads in 4.021 CPU sec, 4.137 real sec
[0000] Calling mem_process_seqs.., task: 154
[0000] 1. Calling kt_for - worker_bwt
[0000] read_chunk: 1000000, work_chunk_size: 1000184, nseq: 6758
	[0000][ M::kt_pipeline] read 6758 sequences (1000184 bp)...
[0000] 2. Calling kt_for - worker_aln
[0000] Inferring insert size distribution of PE reads from data, l_pac: 50818468, n: 6758
[0000][PE] # candidate unique pairs for (FF, FR, RF, RR): (0, 57, 8, 0)
[0000][PE] skip orientation FF as there are not enough pairs
[0000][PE] analyzing insert size distribution for orientation FR...
[0000][PE] (25, 50, 75) percentile: (413, 532, 645)
[0000][PE] low and high boundaries for computing mean and std.dev: (1, 1109)
[0000][PE] mean and std.dev: (509.37, 197.43)
[0000][PE] low and high boundaries for proper pairs: (1, 1341)
[0000][PE] skip orientation RF as there are not enough pairs
[0000][PE] skip orientation RR as there are not enough pairs
[0000] 3. Calling kt_for - worker_sam
	[0000][ M::mem_process_seqs] Processed 6758 reads in 4.177 CPU sec, 4.300 real sec
[0000] Calling mem_process_seqs.., task: 155
[0000] 1. Calling kt_for - worker_bwt
[0000] read_chunk: 1000000, work_chunk_size: 1000184, nseq: 6758
	[0000][ M::kt_pipeline] read 6758 sequences (1000184 bp)...
[0000] 2. Calling kt_for - worker_aln
[0000] Inferring insert size distribution of PE reads from data, l_pac: 50818468, n: 6758
[0000][PE] # candidate unique pairs for (FF, FR, RF, RR): (0, 55, 5, 0)
[0000][PE] skip orientation FF as there are not enough pairs
[0000][PE] analyzing insert size distribution for orientation FR...
[0000][PE] (25, 50, 75) percentile: (290, 461, 623)
[0000][PE] low and high boundaries for computing mean and std.dev: (1, 1289)
[0000][PE] mean and std.dev: (453.35, 211.31)
[0000][PE] low and high boundaries for proper pairs: (1, 1622)
[0000][PE] skip orientation RF as there are not enough pairs
[0000][PE] skip orientation RR as there are not enough pairs
[0000] 3. Calling kt_for - worker_sam
	[0000][ M::mem_process_seqs] Processed 6758 reads in 4.672 CPU sec, 4.813 real sec
[0000] Calling mem_process_seqs.., task: 156
[0000] 1. Calling kt_for - worker_bwt
[0000] read_chunk: 1000000, work_chunk_size: 1000184, nseq: 6758
	[0000][ M::kt_pipeline] read 6758 sequences (1000184 bp)...
[0000] 2. Calling kt_for - worker_aln
[0000] Inferring insert size distribution of PE reads from data, l_pac: 50818468, n: 6758
[0000][PE] # candidate unique pairs for (FF, FR, RF, RR): (0, 74, 2, 0)
[0000][PE] skip orientation FF as there are not enough pairs
[0000][PE] analyzing insert size distribution for orientation FR...
[0000][PE] (25, 50, 75) percentile: (348, 480, 612)
[0000][PE] low and high boundaries for computing mean and std.dev: (1, 1140)
[0000][PE] mean and std.dev: (452.30, 210.18)
[0000][PE] low and high boundaries for proper pairs: (1, 1404)
[0000][PE] skip orientation RF as there are not enough pairs
[0000][PE] skip orientation RR as there are not enough pairs
[0000] 3. Calling kt_for - worker_sam
	[0000][ M::mem_process_seqs] Processed 6758 reads in 4.328 CPU sec, 3.167 real sec
[0000] Calling mem_process_seqs.., task: 157
[0000] 1. Calling kt_for - worker_bwt
[0000] read_chunk: 1000000, work_chunk_size: 1000184, nseq: 6758
	[0000][ M::kt_pipeline] read 6758 sequences (1000184 bp)...
[0000] 2. Calling kt_for - worker_aln
[0000] Inferring insert size distribution of PE reads from data, l_pac: 50818468, n: 6758
[0000][PE] # candidate unique pairs for (FF, FR, RF, RR): (0, 64, 9, 0)
[0000][PE] skip orientation FF as there are not enough pairs
[0000][PE] analyzing insert size distribution for orientation FR...
[0000][PE] (25, 50, 75) percentile: (383, 552, 656)
[0000][PE] low and high boundaries for computing mean and std.dev: (1, 1202)
[0000][PE] mean and std.dev: (479.38, 230.35)
[0000][PE] low and high boundaries for proper pairs: (1, 1475)
[0000][PE] skip orientation RF as there are not enough pairs
[0000][PE] skip orientation RR as there are not enough pairs
[0000] 3. Calling kt_for - worker_sam
	[0000][ M::mem_process_seqs] Processed 6758 reads in 4.228 CPU sec, 4.353 real sec
[0000] Calling mem_process_seqs.., task: 158
[0000] 1. Calling kt_for - worker_bwt
[0000] read_chunk: 1000000, work_chunk_size: 1000184, nseq: 6758
	[0000][ M::kt_pipeline] read 6758 sequences (1000184 bp)...
[0000] 2. Calling kt_for - worker_aln
[0000] Inferring insert size distribution of PE reads from data, l_pac: 50818468, n: 6758
[0000][PE] # candidate unique pairs for (FF, FR, RF, RR): (0, 62, 1, 0)
[0000][PE] skip orientation FF as there are not enough pairs
[0000][PE] analyzing insert size distribution for orientation FR...
[0000][PE] (25, 50, 75) percentile: (407, 544, 678)
[0000][PE] low and high boundaries for computing mean and std.dev: (1, 1220)
[0000][PE] mean and std.dev: (526.39, 223.64)
[0000][PE] low and high boundaries for proper pairs: (1, 1491)
[0000][PE] skip orientation RF as there are not enough pairs
[0000][PE] skip orientation RR as there are not enough pairs
[0000] 3. Calling kt_for - worker_sam
	[0000][ M::mem_process_seqs] Processed 6758 reads in 4.461 CPU sec, 4.587 real sec
[0000] Calling mem_process_seqs.., task: 159
[0000] 1. Calling kt_for - worker_bwt
[0000] read_chunk: 1000000, work_chunk_size: 1000184, nseq: 6758
	[0000][ M::kt_pipeline] read 6758 sequences (1000184 bp)...
[0000] 2. Calling kt_for - worker_aln
[0000] Inferring insert size distribution of PE reads from data, l_pac: 50818468, n: 6758
[0000][PE] # candidate unique pairs for (FF, FR, RF, RR): (0, 59, 5, 0)
[0000][PE] skip orientation FF as there are not enough pairs
[0000][PE] analyzing insert size distribution for orientation FR...
[0000][PE] (25, 50, 75) percentile: (317, 528, 616)
[0000][PE] low and high boundaries for computing mean and std.dev: (1, 1214)
[0000][PE] mean and std.dev: (450.59, 236.06)
[0000][PE] low and high boundaries for proper pairs: (1, 1513)
[0000][PE] skip orientation RF as there are not enough pairs
[0000][PE] skip orientation RR as there are not enough pairs
[0000] 3. Calling kt_for - worker_sam
	[0000][ M::mem_process_seqs] Processed 6758 reads in 6.099 CPU sec, 6.308 real sec
[0000] Calling mem_process_seqs.., task: 160
[0000] 1. Calling kt_for - worker_bwt
[0000] read_chunk: 1000000, work_chunk_size: 1000184, nseq: 6758
	[0000][ M::kt_pipeline] read 6758 sequences (1000184 bp)...
[0000] 2. Calling kt_for - worker_aln
[0000] Inferring insert size distribution of PE reads from data, l_pac: 50818468, n: 6758
[0000][PE] # candidate unique pairs for (FF, FR, RF, RR): (0, 82, 6, 0)
[0000][PE] skip orientation FF as there are not enough pairs
[0000][PE] analyzing insert size distribution for orientation FR...
[0000][PE] (25, 50, 75) percentile: (324, 503, 598)
[0000][PE] low and high boundaries for computing mean and std.dev: (1, 1146)
[0000][PE] mean and std.dev: (459.49, 207.25)
[0000][PE] low and high boundaries for proper pairs: (1, 1420)
[0000][PE] skip orientation RF as there are not enough pairs
[0000][PE] skip orientation RR as there are not enough pairs
[0000] 3. Calling kt_for - worker_sam
	[0000][ M::mem_process_seqs] Processed 6758 reads in 5.449 CPU sec, 5.633 real sec
[0000] Calling mem_process_seqs.., task: 161
[0000] 1. Calling kt_for - worker_bwt
[0000] 2. Calling kt_for - worker_aln
[0000] read_chunk: 1000000, work_chunk_size: 1000184, nseq: 6758
	[0000][ M::kt_pipeline] read 6758 sequences (1000184 bp)...
[0000] Inferring insert size distribution of PE reads from data, l_pac: 50818468, n: 6758
[0000][PE] # candidate unique pairs for (FF, FR, RF, RR): (0, 56, 5, 0)
[0000][PE] skip orientation FF as there are not enough pairs
[0000][PE] analyzing insert size distribution for orientation FR...
[0000][PE] (25, 50, 75) percentile: (361, 515, 607)
[0000][PE] low and high boundaries for computing mean and std.dev: (1, 1099)
[0000][PE] mean and std.dev: (451.73, 236.95)
[0000][PE] low and high boundaries for proper pairs: (1, 1400)
[0000][PE] skip orientation RF as there are not enough pairs
[0000][PE] skip orientation RR as there are not enough pairs
[0000] 3. Calling kt_for - worker_sam
	[0000][ M::mem_process_seqs] Processed 6758 reads in 5.692 CPU sec, 5.870 real sec
[0000] Calling mem_process_seqs.., task: 162
[0000] 1. Calling kt_for - worker_bwt
[0000] read_chunk: 1000000, work_chunk_size: 1000184, nseq: 6758
	[0000][ M::kt_pipeline] read 6758 sequences (1000184 bp)...
[0000] 2. Calling kt_for - worker_aln
[0000] Inferring insert size distribution of PE reads from data, l_pac: 50818468, n: 6758
[0000][PE] # candidate unique pairs for (FF, FR, RF, RR): (0, 56, 3, 0)
[0000][PE] skip orientation FF as there are not enough pairs
[0000][PE] analyzing insert size distribution for orientation FR...
[0000][PE] (25, 50, 75) percentile: (469, 577, 666)
[0000][PE] low and high boundaries for computing mean and std.dev: (75, 1060)
[0000][PE] mean and std.dev: (565.45, 162.52)
[0000][PE] low and high boundaries for proper pairs: (1, 1257)
[0000][PE] skip orientation RF as there are not enough pairs
[0000][PE] skip orientation RR as there are not enough pairs
[0000] 3. Calling kt_for - worker_sam
	[0000][ M::mem_process_seqs] Processed 6758 reads in 5.170 CPU sec, 3.990 real sec
[0000] Calling mem_process_seqs.., task: 163
[0000] 1. Calling kt_for - worker_bwt
[0000] read_chunk: 1000000, work_chunk_size: 1000184, nseq: 6758
	[0000][ M::kt_pipeline] read 6758 sequences (1000184 bp)...
[0000] 2. Calling kt_for - worker_aln
[0000] Inferring insert size distribution of PE reads from data, l_pac: 50818468, n: 6758
[0000][PE] # candidate unique pairs for (FF, FR, RF, RR): (0, 63, 2, 0)
[0000][PE] skip orientation FF as there are not enough pairs
[0000][PE] analyzing insert size distribution for orientation FR...
[0000][PE] (25, 50, 75) percentile: (281, 511, 632)
[0000][PE] low and high boundaries for computing mean and std.dev: (1, 1334)
[0000][PE] mean and std.dev: (462.11, 237.64)
[0000][PE] low and high boundaries for proper pairs: (1, 1685)
[0000][PE] skip orientation RF as there are not enough pairs
[0000][PE] skip orientation RR as there are not enough pairs
[0000] 3. Calling kt_for - worker_sam
	[0000][ M::mem_process_seqs] Processed 6758 reads in 4.844 CPU sec, 4.991 real sec
[0000] Calling mem_process_seqs.., task: 164
[0000] 1. Calling kt_for - worker_bwt
[0000] read_chunk: 1000000, work_chunk_size: 1000184, nseq: 6758
	[0000][ M::kt_pipeline] read 6758 sequences (1000184 bp)...
[0000] 2. Calling kt_for - worker_aln
[0000] Inferring insert size distribution of PE reads from data, l_pac: 50818468, n: 6758
[0000][PE] # candidate unique pairs for (FF, FR, RF, RR): (0, 70, 3, 0)
[0000][PE] skip orientation FF as there are not enough pairs
[0000][PE] analyzing insert size distribution for orientation FR...
[0000][PE] (25, 50, 75) percentile: (426, 504, 615)
[0000][PE] low and high boundaries for computing mean and std.dev: (48, 993)
[0000][PE] mean and std.dev: (502.57, 161.89)
[0000][PE] low and high boundaries for proper pairs: (1, 1182)
[0000][PE] skip orientation RF as there are not enough pairs
[0000][PE] skip orientation RR as there are not enough pairs
[0000] 3. Calling kt_for - worker_sam
	[0000][ M::mem_process_seqs] Processed 6758 reads in 4.331 CPU sec, 4.449 real sec
[0000] Calling mem_process_seqs.., task: 165
[0000] 1. Calling kt_for - worker_bwt
[0000] read_chunk: 1000000, work_chunk_size: 1000184, nseq: 6758
	[0000][ M::kt_pipeline] read 6758 sequences (1000184 bp)...
[0000] 2. Calling kt_for - worker_aln
[0000] Inferring insert size distribution of PE reads from data, l_pac: 50818468, n: 6758
[0000][PE] # candidate unique pairs for (FF, FR, RF, RR): (0, 63, 8, 0)
[0000][PE] skip orientation FF as there are not enough pairs
[0000][PE] analyzing insert size distribution for orientation FR...
[0000][PE] (25, 50, 75) percentile: (482, 576, 664)
[0000][PE] low and high boundaries for computing mean and std.dev: (118, 1028)
[0000][PE] mean and std.dev: (566.33, 175.54)
[0000][PE] low and high boundaries for proper pairs: (1, 1268)
[0000][PE] skip orientation RF as there are not enough pairs
[0000][PE] skip orientation RR as there are not enough pairs
[0000] 3. Calling kt_for - worker_sam
	[0000][ M::mem_process_seqs] Processed 6758 reads in 3.703 CPU sec, 3.813 real sec
[0000] Calling mem_process_seqs.., task: 166
[0000] 1. Calling kt_for - worker_bwt
[0000] read_chunk: 1000000, work_chunk_size: 1000184, nseq: 6758
	[0000][ M::kt_pipeline] read 6758 sequences (1000184 bp)...
[0000] 2. Calling kt_for - worker_aln
[0000] Inferring insert size distribution of PE reads from data, l_pac: 50818468, n: 6758
[0000][PE] # candidate unique pairs for (FF, FR, RF, RR): (0, 63, 4, 0)
[0000][PE] skip orientation FF as there are not enough pairs
[0000][PE] analyzing insert size distribution for orientation FR...
[0000][PE] (25, 50, 75) percentile: (312, 503, 631)
[0000][PE] low and high boundaries for computing mean and std.dev: (1, 1269)
[0000][PE] mean and std.dev: (466.79, 219.74)
[0000][PE] low and high boundaries for proper pairs: (1, 1588)
[0000][PE] skip orientation RF as there are not enough pairs
[0000][PE] skip orientation RR as there are not enough pairs
[0000] 3. Calling kt_for - worker_sam
	[0000][ M::mem_process_seqs] Processed 6758 reads in 3.907 CPU sec, 4.036 real sec
[0000] Calling mem_process_seqs.., task: 167
[0000] 1. Calling kt_for - worker_bwt
[0000] read_chunk: 1000000, work_chunk_size: 1000184, nseq: 6758
	[0000][ M::kt_pipeline] read 6758 sequences (1000184 bp)...
[0000] 2. Calling kt_for - worker_aln
[0000] Inferring insert size distribution of PE reads from data, l_pac: 50818468, n: 6758
[0000][PE] # candidate unique pairs for (FF, FR, RF, RR): (0, 74, 7, 0)
[0000][PE] skip orientation FF as there are not enough pairs
[0000][PE] analyzing insert size distribution for orientation FR...
[0000][PE] (25, 50, 75) percentile: (314, 515, 625)
[0000][PE] low and high boundaries for computing mean and std.dev: (1, 1247)
[0000][PE] mean and std.dev: (476.45, 219.98)
[0000][PE] low and high boundaries for proper pairs: (1, 1558)
[0000][PE] skip orientation RF as there are not enough pairs
[0000][PE] skip orientation RR as there are not enough pairs
[0000] 3. Calling kt_for - worker_sam
	[0000][ M::mem_process_seqs] Processed 6758 reads in 3.828 CPU sec, 3.949 real sec
[0000] Calling mem_process_seqs.., task: 168
[0000] 1. Calling kt_for - worker_bwt
[0000] read_chunk: 1000000, work_chunk_size: 1000184, nseq: 6758
	[0000][ M::kt_pipeline] read 6758 sequences (1000184 bp)...
[0000] 2. Calling kt_for - worker_aln
[0000] Inferring insert size distribution of PE reads from data, l_pac: 50818468, n: 6758
[0000][PE] # candidate unique pairs for (FF, FR, RF, RR): (0, 54, 3, 0)
[0000][PE] skip orientation FF as there are not enough pairs
[0000][PE] analyzing insert size distribution for orientation FR...
[0000][PE] (25, 50, 75) percentile: (322, 470, 597)
[0000][PE] low and high boundaries for computing mean and std.dev: (1, 1147)
[0000][PE] mean and std.dev: (457.39, 222.87)
[0000][PE] low and high boundaries for proper pairs: (1, 1422)
[0000][PE] skip orientation RF as there are not enough pairs
[0000][PE] skip orientation RR as there are not enough pairs
[0000] 3. Calling kt_for - worker_sam
	[0000][ M::mem_process_seqs] Processed 6758 reads in 3.627 CPU sec, 3.745 real sec
[0000] Calling mem_process_seqs.., task: 169
[0000] 1. Calling kt_for - worker_bwt
[0000] read_chunk: 1000000, work_chunk_size: 1000184, nseq: 6758
	[0000][ M::kt_pipeline] read 6758 sequences (1000184 bp)...
[0000] 2. Calling kt_for - worker_aln
[0000] Inferring insert size distribution of PE reads from data, l_pac: 50818468, n: 6758
[0000][PE] # candidate unique pairs for (FF, FR, RF, RR): (0, 84, 3, 0)
[0000][PE] skip orientation FF as there are not enough pairs
[0000][PE] analyzing insert size distribution for orientation FR...
[0000][PE] (25, 50, 75) percentile: (296, 500, 651)
[0000][PE] low and high boundaries for computing mean and std.dev: (1, 1361)
[0000][PE] mean and std.dev: (494.85, 244.21)
[0000][PE] low and high boundaries for proper pairs: (1, 1716)
[0000][PE] skip orientation RF as there are not enough pairs
[0000][PE] skip orientation RR as there are not enough pairs
[0000] 3. Calling kt_for - worker_sam
	[0000][ M::mem_process_seqs] Processed 6758 reads in 5.002 CPU sec, 5.161 real sec
[0000] Calling mem_process_seqs.., task: 170
[0000] 1. Calling kt_for - worker_bwt
[0000] read_chunk: 1000000, work_chunk_size: 1000184, nseq: 6758
	[0000][ M::kt_pipeline] read 6758 sequences (1000184 bp)...
[0000] 2. Calling kt_for - worker_aln
[0000] Inferring insert size distribution of PE reads from data, l_pac: 50818468, n: 6758
[0000][PE] # candidate unique pairs for (FF, FR, RF, RR): (0, 74, 2, 0)
[0000][PE] skip orientation FF as there are not enough pairs
[0000][PE] analyzing insert size distribution for orientation FR...
[0000][PE] (25, 50, 75) percentile: (388, 554, 639)
[0000][PE] low and high boundaries for computing mean and std.dev: (1, 1141)
[0000][PE] mean and std.dev: (510.95, 214.14)
[0000][PE] low and high boundaries for proper pairs: (1, 1392)
[0000][PE] skip orientation RF as there are not enough pairs
[0000][PE] skip orientation RR as there are not enough pairs
[0000] 3. Calling kt_for - worker_sam
	[0000][ M::mem_process_seqs] Processed 6758 reads in 4.027 CPU sec, 2.825 real sec
[0000] Calling mem_process_seqs.., task: 171
[0000] 1. Calling kt_for - worker_bwt
[0000] read_chunk: 1000000, work_chunk_size: 1000184, nseq: 6758
	[0000][ M::kt_pipeline] read 6758 sequences (1000184 bp)...
[0000] 2. Calling kt_for - worker_aln
[0000] Inferring insert size distribution of PE reads from data, l_pac: 50818468, n: 6758
[0000][PE] # candidate unique pairs for (FF, FR, RF, RR): (0, 67, 7, 0)
[0000][PE] skip orientation FF as there are not enough pairs
[0000][PE] analyzing insert size distribution for orientation FR...
[0000][PE] (25, 50, 75) percentile: (442, 519, 662)
[0000][PE] low and high boundaries for computing mean and std.dev: (2, 1102)
[0000][PE] mean and std.dev: (529.45, 216.14)
[0000][PE] low and high boundaries for proper pairs: (1, 1394)
[0000][PE] skip orientation RF as there are not enough pairs
[0000][PE] skip orientation RR as there are not enough pairs
[0000] 3. Calling kt_for - worker_sam
	[0000][ M::mem_process_seqs] Processed 6758 reads in 4.020 CPU sec, 4.153 real sec
[0000] Calling mem_process_seqs.., task: 172
[0000] 1. Calling kt_for - worker_bwt
[0000] read_chunk: 1000000, work_chunk_size: 1000184, nseq: 6758
	[0000][ M::kt_pipeline] read 6758 sequences (1000184 bp)...
[0000] 2. Calling kt_for - worker_aln
[0000] Inferring insert size distribution of PE reads from data, l_pac: 50818468, n: 6758
[0000][PE] # candidate unique pairs for (FF, FR, RF, RR): (1, 57, 2, 0)
[0000][PE] skip orientation FF as there are not enough pairs
[0000][PE] analyzing insert size distribution for orientation FR...
[0000][PE] (25, 50, 75) percentile: (415, 580, 666)
[0000][PE] low and high boundaries for computing mean and std.dev: (1, 1168)
[0000][PE] mean and std.dev: (530.96, 193.06)
[0000][PE] low and high boundaries for proper pairs: (1, 1419)
[0000][PE] skip orientation RF as there are not enough pairs
[0000][PE] skip orientation RR as there are not enough pairs
[0000] 3. Calling kt_for - worker_sam
	[0000][ M::mem_process_seqs] Processed 6758 reads in 3.801 CPU sec, 3.906 real sec
[0000] Calling mem_process_seqs.., task: 173
[0000] 1. Calling kt_for - worker_bwt
[0000] read_chunk: 1000000, work_chunk_size: 1000184, nseq: 6758
	[0000][ M::kt_pipeline] read 6758 sequences (1000184 bp)...
[0000] 2. Calling kt_for - worker_aln
[0000] Inferring insert size distribution of PE reads from data, l_pac: 50818468, n: 6758
[0000][PE] # candidate unique pairs for (FF, FR, RF, RR): (0, 46, 6, 0)
[0000][PE] skip orientation FF as there are not enough pairs
[0000][PE] analyzing insert size distribution for orientation FR...
[0000][PE] (25, 50, 75) percentile: (274, 502, 617)
[0000][PE] low and high boundaries for computing mean and std.dev: (1, 1303)
[0000][PE] mean and std.dev: (452.35, 207.10)
[0000][PE] low and high boundaries for proper pairs: (1, 1646)
[0000][PE] skip orientation RF as there are not enough pairs
[0000][PE] skip orientation RR as there are not enough pairs
[0000] 3. Calling kt_for - worker_sam
	[0000][ M::mem_process_seqs] Processed 6758 reads in 4.094 CPU sec, 4.221 real sec
[0000] Calling mem_process_seqs.., task: 174
[0000] 1. Calling kt_for - worker_bwt
[0000] read_chunk: 1000000, work_chunk_size: 1000184, nseq: 6758
	[0000][ M::kt_pipeline] read 6758 sequences (1000184 bp)...
[0000] 2. Calling kt_for - worker_aln
[0000] Inferring insert size distribution of PE reads from data, l_pac: 50818468, n: 6758
[0000][PE] # candidate unique pairs for (FF, FR, RF, RR): (0, 68, 3, 0)
[0000][PE] skip orientation FF as there are not enough pairs
[0000][PE] analyzing insert size distribution for orientation FR...
[0000][PE] (25, 50, 75) percentile: (393, 544, 655)
[0000][PE] low and high boundaries for computing mean and std.dev: (1, 1179)
[0000][PE] mean and std.dev: (508.38, 220.38)
[0000][PE] low and high boundaries for proper pairs: (1, 1441)
[0000][PE] skip orientation RF as there are not enough pairs
[0000][PE] skip orientation RR as there are not enough pairs
[0000] 3. Calling kt_for - worker_sam
	[0000][ M::mem_process_seqs] Processed 6758 reads in 4.032 CPU sec, 4.166 real sec
[0000] Calling mem_process_seqs.., task: 175
[0000] 1. Calling kt_for - worker_bwt
[0000] read_chunk: 1000000, work_chunk_size: 1000184, nseq: 6758
	[0000][ M::kt_pipeline] read 6758 sequences (1000184 bp)...
[0000] 2. Calling kt_for - worker_aln
[0000] Inferring insert size distribution of PE reads from data, l_pac: 50818468, n: 6758
[0000][PE] # candidate unique pairs for (FF, FR, RF, RR): (0, 72, 5, 0)
[0000][PE] skip orientation FF as there are not enough pairs
[0000][PE] analyzing insert size distribution for orientation FR...
[0000][PE] (25, 50, 75) percentile: (415, 523, 593)
[0000][PE] low and high boundaries for computing mean and std.dev: (59, 949)
[0000][PE] mean and std.dev: (491.41, 156.81)
[0000][PE] low and high boundaries for proper pairs: (1, 1127)
[0000][PE] skip orientation RF as there are not enough pairs
[0000][PE] skip orientation RR as there are not enough pairs
[0000] 3. Calling kt_for - worker_sam
	[0000][ M::mem_process_seqs] Processed 6758 reads in 3.427 CPU sec, 3.524 real sec
[0000] Calling mem_process_seqs.., task: 176
[0000] 1. Calling kt_for - worker_bwt
[0000] read_chunk: 1000000, work_chunk_size: 1000184, nseq: 6758
	[0000][ M::kt_pipeline] read 6758 sequences (1000184 bp)...
[0000] 2. Calling kt_for - worker_aln
[0000] Inferring insert size distribution of PE reads from data, l_pac: 50818468, n: 6758
[0000][PE] # candidate unique pairs for (FF, FR, RF, RR): (0, 61, 4, 0)
[0000][PE] skip orientation FF as there are not enough pairs
[0000][PE] analyzing insert size distribution for orientation FR...
[0000][PE] (25, 50, 75) percentile: (442, 552, 641)
[0000][PE] low and high boundaries for computing mean and std.dev: (44, 1039)
[0000][PE] mean and std.dev: (509.29, 162.00)
[0000][PE] low and high boundaries for proper pairs: (1, 1238)
[0000][PE] skip orientation RF as there are not enough pairs
[0000][PE] skip orientation RR as there are not enough pairs
[0000] 3. Calling kt_for - worker_sam
	[0000][ M::mem_process_seqs] Processed 6758 reads in 3.860 CPU sec, 3.970 real sec
[0000] Calling mem_process_seqs.., task: 177
[0000] 1. Calling kt_for - worker_bwt
[0000] read_chunk: 1000000, work_chunk_size: 1000184, nseq: 6758
	[0000][ M::kt_pipeline] read 6758 sequences (1000184 bp)...
[0000] 2. Calling kt_for - worker_aln
[0000] Inferring insert size distribution of PE reads from data, l_pac: 50818468, n: 6758
[0000][PE] # candidate unique pairs for (FF, FR, RF, RR): (0, 62, 2, 0)
[0000][PE] skip orientation FF as there are not enough pairs
[0000][PE] analyzing insert size distribution for orientation FR...
[0000][PE] (25, 50, 75) percentile: (460, 568, 670)
[0000][PE] low and high boundaries for computing mean and std.dev: (40, 1090)
[0000][PE] mean and std.dev: (531.44, 209.01)
[0000][PE] low and high boundaries for proper pairs: (1, 1367)
[0000][PE] skip orientation RF as there are not enough pairs
[0000][PE] skip orientation RR as there are not enough pairs
[0000] 3. Calling kt_for - worker_sam
	[0000][ M::mem_process_seqs] Processed 6758 reads in 4.236 CPU sec, 4.371 real sec
[0000] Calling mem_process_seqs.., task: 178
[0000] 1. Calling kt_for - worker_bwt
[0000] read_chunk: 1000000, work_chunk_size: 1000184, nseq: 6758
	[0000][ M::kt_pipeline] read 6758 sequences (1000184 bp)...
[0000] 2. Calling kt_for - worker_aln
[0000] Inferring insert size distribution of PE reads from data, l_pac: 50818468, n: 6758
[0000][PE] # candidate unique pairs for (FF, FR, RF, RR): (0, 66, 6, 0)
[0000][PE] skip orientation FF as there are not enough pairs
[0000][PE] analyzing insert size distribution for orientation FR...
[0000][PE] (25, 50, 75) percentile: (354, 517, 651)
[0000][PE] low and high boundaries for computing mean and std.dev: (1, 1245)
[0000][PE] mean and std.dev: (473.56, 208.16)
[0000][PE] low and high boundaries for proper pairs: (1, 1542)
[0000][PE] skip orientation RF as there are not enough pairs
[0000][PE] skip orientation RR as there are not enough pairs
[0000] 3. Calling kt_for - worker_sam
	[0000][ M::mem_process_seqs] Processed 6758 reads in 4.256 CPU sec, 3.079 real sec
[0000] Calling mem_process_seqs.., task: 179
[0000] 1. Calling kt_for - worker_bwt
[0000] read_chunk: 1000000, work_chunk_size: 1000184, nseq: 6758
	[0000][ M::kt_pipeline] read 6758 sequences (1000184 bp)...
[0000] 2. Calling kt_for - worker_aln
[0000] Inferring insert size distribution of PE reads from data, l_pac: 50818468, n: 6758
[0000][PE] # candidate unique pairs for (FF, FR, RF, RR): (0, 69, 5, 0)
[0000][PE] skip orientation FF as there are not enough pairs
[0000][PE] analyzing insert size distribution for orientation FR...
[0000][PE] (25, 50, 75) percentile: (332, 502, 612)
[0000][PE] low and high boundaries for computing mean and std.dev: (1, 1172)
[0000][PE] mean and std.dev: (470.26, 219.31)
[0000][PE] low and high boundaries for proper pairs: (1, 1452)
[0000][PE] skip orientation RF as there are not enough pairs
[0000][PE] skip orientation RR as there are not enough pairs
[0000] 3. Calling kt_for - worker_sam
	[0000][ M::mem_process_seqs] Processed 6758 reads in 3.902 CPU sec, 4.027 real sec
[0000] Calling mem_process_seqs.., task: 180
[0000] 1. Calling kt_for - worker_bwt
[0000] read_chunk: 1000000, work_chunk_size: 1000184, nseq: 6758
	[0000][ M::kt_pipeline] read 6758 sequences (1000184 bp)...
[0000] 2. Calling kt_for - worker_aln
[0000] Inferring insert size distribution of PE reads from data, l_pac: 50818468, n: 6758
[0000][PE] # candidate unique pairs for (FF, FR, RF, RR): (0, 53, 5, 0)
[0000][PE] skip orientation FF as there are not enough pairs
[0000][PE] analyzing insert size distribution for orientation FR...
[0000][PE] (25, 50, 75) percentile: (344, 477, 603)
[0000][PE] low and high boundaries for computing mean and std.dev: (1, 1121)
[0000][PE] mean and std.dev: (470.81, 199.21)
[0000][PE] low and high boundaries for proper pairs: (1, 1380)
[0000][PE] skip orientation RF as there are not enough pairs
[0000][PE] skip orientation RR as there are not enough pairs
[0000] 3. Calling kt_for - worker_sam
	[0000][ M::mem_process_seqs] Processed 6758 reads in 3.947 CPU sec, 4.065 real sec
[0000] Calling mem_process_seqs.., task: 181
[0000] 1. Calling kt_for - worker_bwt
[0000] read_chunk: 1000000, work_chunk_size: 1000184, nseq: 6758
	[0000][ M::kt_pipeline] read 6758 sequences (1000184 bp)...
[0000] 2. Calling kt_for - worker_aln
[0000] Inferring insert size distribution of PE reads from data, l_pac: 50818468, n: 6758
[0000][PE] # candidate unique pairs for (FF, FR, RF, RR): (0, 41, 3, 0)
[0000][PE] skip orientation FF as there are not enough pairs
[0000][PE] analyzing insert size distribution for orientation FR...
[0000][PE] (25, 50, 75) percentile: (375, 522, 632)
[0000][PE] low and high boundaries for computing mean and std.dev: (1, 1146)
[0000][PE] mean and std.dev: (502.20, 209.35)
[0000][PE] low and high boundaries for proper pairs: (1, 1403)
[0000][PE] skip orientation RF as there are not enough pairs
[0000][PE] skip orientation RR as there are not enough pairs
[0000] 3. Calling kt_for - worker_sam
	[0000][ M::mem_process_seqs] Processed 6758 reads in 4.015 CPU sec, 4.133 real sec
[0000] Calling mem_process_seqs.., task: 182
[0000] 1. Calling kt_for - worker_bwt
[0000] read_chunk: 1000000, work_chunk_size: 1000184, nseq: 6758
	[0000][ M::kt_pipeline] read 6758 sequences (1000184 bp)...
[0000] 2. Calling kt_for - worker_aln
[0000] Inferring insert size distribution of PE reads from data, l_pac: 50818468, n: 6758
[0000][PE] # candidate unique pairs for (FF, FR, RF, RR): (0, 65, 6, 0)
[0000][PE] skip orientation FF as there are not enough pairs
[0000][PE] analyzing insert size distribution for orientation FR...
[0000][PE] (25, 50, 75) percentile: (347, 506, 621)
[0000][PE] low and high boundaries for computing mean and std.dev: (1, 1169)
[0000][PE] mean and std.dev: (481.66, 211.22)
[0000][PE] low and high boundaries for proper pairs: (1, 1443)
[0000][PE] skip orientation RF as there are not enough pairs
[0000][PE] skip orientation RR as there are not enough pairs
[0000] 3. Calling kt_for - worker_sam
	[0000][ M::mem_process_seqs] Processed 6758 reads in 4.037 CPU sec, 4.154 real sec
[0000] Calling mem_process_seqs.., task: 183
[0000] 1. Calling kt_for - worker_bwt
[0000] read_chunk: 1000000, work_chunk_size: 1000184, nseq: 6758
	[0000][ M::kt_pipeline] read 6758 sequences (1000184 bp)...
[0000] 2. Calling kt_for - worker_aln
[0000] Inferring insert size distribution of PE reads from data, l_pac: 50818468, n: 6758
[0000][PE] # candidate unique pairs for (FF, FR, RF, RR): (0, 62, 3, 0)
[0000][PE] skip orientation FF as there are not enough pairs
[0000][PE] analyzing insert size distribution for orientation FR...
[0000][PE] (25, 50, 75) percentile: (345, 518, 624)
[0000][PE] low and high boundaries for computing mean and std.dev: (1, 1182)
[0000][PE] mean and std.dev: (482.71, 224.56)
[0000][PE] low and high boundaries for proper pairs: (1, 1461)
[0000][PE] skip orientation RF as there are not enough pairs
[0000][PE] skip orientation RR as there are not enough pairs
[0000] 3. Calling kt_for - worker_sam
	[0000][ M::mem_process_seqs] Processed 6758 reads in 4.082 CPU sec, 4.208 real sec
[0000] Calling mem_process_seqs.., task: 184
[0000] 1. Calling kt_for - worker_bwt
[0000] read_chunk: 1000000, work_chunk_size: 1000184, nseq: 6758
	[0000][ M::kt_pipeline] read 6758 sequences (1000184 bp)...
[0000] 2. Calling kt_for - worker_aln
[0000] Inferring insert size distribution of PE reads from data, l_pac: 50818468, n: 6758
[0000][PE] # candidate unique pairs for (FF, FR, RF, RR): (0, 71, 5, 1)
[0000][PE] skip orientation FF as there are not enough pairs
[0000][PE] analyzing insert size distribution for orientation FR...
[0000][PE] (25, 50, 75) percentile: (446, 557, 650)
[0000][PE] low and high boundaries for computing mean and std.dev: (38, 1058)
[0000][PE] mean and std.dev: (511.16, 183.92)
[0000][PE] low and high boundaries for proper pairs: (1, 1262)
[0000][PE] skip orientation RF as there are not enough pairs
[0000][PE] skip orientation RR as there are not enough pairs
[0000] 3. Calling kt_for - worker_sam
	[0000][ M::mem_process_seqs] Processed 6758 reads in 3.896 CPU sec, 4.018 real sec
[0000] Calling mem_process_seqs.., task: 185
[0000] 1. Calling kt_for - worker_bwt
[0000] read_chunk: 1000000, work_chunk_size: 1000184, nseq: 6758
	[0000][ M::kt_pipeline] read 6758 sequences (1000184 bp)...
[0000] 2. Calling kt_for - worker_aln
[0000] Inferring insert size distribution of PE reads from data, l_pac: 50818468, n: 6758
[0000][PE] # candidate unique pairs for (FF, FR, RF, RR): (0, 62, 6, 0)
[0000][PE] skip orientation FF as there are not enough pairs
[0000][PE] analyzing insert size distribution for orientation FR...
[0000][PE] (25, 50, 75) percentile: (241, 503, 596)
[0000][PE] low and high boundaries for computing mean and std.dev: (1, 1306)
[0000][PE] mean and std.dev: (454.50, 209.40)
[0000][PE] low and high boundaries for proper pairs: (1, 1661)
[0000][PE] skip orientation RF as there are not enough pairs
[0000][PE] skip orientation RR as there are not enough pairs
[0000] 3. Calling kt_for - worker_sam
	[0000][ M::mem_process_seqs] Processed 6758 reads in 6.761 CPU sec, 5.713 real sec
[0000] Calling mem_process_seqs.., task: 186
[0000] 1. Calling kt_for - worker_bwt
[0000] read_chunk: 1000000, work_chunk_size: 1000184, nseq: 6758
	[0000][ M::kt_pipeline] read 6758 sequences (1000184 bp)...
[0000] 2. Calling kt_for - worker_aln
[0000] Inferring insert size distribution of PE reads from data, l_pac: 50818468, n: 6758
[0000][PE] # candidate unique pairs for (FF, FR, RF, RR): (0, 72, 4, 0)
[0000][PE] skip orientation FF as there are not enough pairs
[0000][PE] analyzing insert size distribution for orientation FR...
[0000][PE] (25, 50, 75) percentile: (348, 532, 631)
[0000][PE] low and high boundaries for computing mean and std.dev: (1, 1197)
[0000][PE] mean and std.dev: (479.62, 233.44)
[0000][PE] low and high boundaries for proper pairs: (1, 1480)
[0000][PE] skip orientation RF as there are not enough pairs
[0000][PE] skip orientation RR as there are not enough pairs
[0000] 3. Calling kt_for - worker_sam
	[0000][ M::mem_process_seqs] Processed 6758 reads in 4.259 CPU sec, 4.384 real sec
[0000] Calling mem_process_seqs.., task: 187
[0000] 1. Calling kt_for - worker_bwt
[0000] read_chunk: 1000000, work_chunk_size: 1000184, nseq: 6758
	[0000][ M::kt_pipeline] read 6758 sequences (1000184 bp)...
[0000] 2. Calling kt_for - worker_aln
[0000] Inferring insert size distribution of PE reads from data, l_pac: 50818468, n: 6758
[0000][PE] # candidate unique pairs for (FF, FR, RF, RR): (0, 65, 5, 0)
[0000][PE] skip orientation FF as there are not enough pairs
[0000][PE] analyzing insert size distribution for orientation FR...
[0000][PE] (25, 50, 75) percentile: (369, 499, 625)
[0000][PE] low and high boundaries for computing mean and std.dev: (1, 1137)
[0000][PE] mean and std.dev: (484.51, 200.47)
[0000][PE] low and high boundaries for proper pairs: (1, 1393)
[0000][PE] skip orientation RF as there are not enough pairs
[0000][PE] skip orientation RR as there are not enough pairs
[0000] 3. Calling kt_for - worker_sam
	[0000][ M::mem_process_seqs] Processed 6758 reads in 4.270 CPU sec, 4.412 real sec
[0000] Calling mem_process_seqs.., task: 188
[0000] 1. Calling kt_for - worker_bwt
[0000] read_chunk: 1000000, work_chunk_size: 1000184, nseq: 6758
	[0000][ M::kt_pipeline] read 6758 sequences (1000184 bp)...
[0000] 2. Calling kt_for - worker_aln
[0000] Inferring insert size distribution of PE reads from data, l_pac: 50818468, n: 6758
[0000][PE] # candidate unique pairs for (FF, FR, RF, RR): (0, 72, 8, 0)
[0000][PE] skip orientation FF as there are not enough pairs
[0000][PE] analyzing insert size distribution for orientation FR...
[0000][PE] (25, 50, 75) percentile: (345, 553, 661)
[0000][PE] low and high boundaries for computing mean and std.dev: (1, 1293)
[0000][PE] mean and std.dev: (508.72, 229.04)
[0000][PE] low and high boundaries for proper pairs: (1, 1609)
[0000][PE] skip orientation RF as there are not enough pairs
[0000][PE] skip orientation RR as there are not enough pairs
[0000] 3. Calling kt_for - worker_sam
	[0000][ M::mem_process_seqs] Processed 6758 reads in 5.025 CPU sec, 5.219 real sec
[0000] Calling mem_process_seqs.., task: 189
[0000] 1. Calling kt_for - worker_bwt
[0000] read_chunk: 1000000, work_chunk_size: 1000184, nseq: 6758
	[0000][ M::kt_pipeline] read 6758 sequences (1000184 bp)...
[0000] 2. Calling kt_for - worker_aln
[0000] Inferring insert size distribution of PE reads from data, l_pac: 50818468, n: 6758
[0000][PE] # candidate unique pairs for (FF, FR, RF, RR): (0, 68, 2, 0)
[0000][PE] skip orientation FF as there are not enough pairs
[0000][PE] analyzing insert size distribution for orientation FR...
[0000][PE] (25, 50, 75) percentile: (434, 536, 601)
[0000][PE] low and high boundaries for computing mean and std.dev: (100, 935)
[0000][PE] mean and std.dev: (523.38, 162.84)
[0000][PE] low and high boundaries for proper pairs: (1, 1175)
[0000][PE] skip orientation RF as there are not enough pairs
[0000][PE] skip orientation RR as there are not enough pairs
[0000] 3. Calling kt_for - worker_sam
	[0000][ M::mem_process_seqs] Processed 6758 reads in 6.221 CPU sec, 6.454 real sec
[0000] Calling mem_process_seqs.., task: 190
[0000] 1. Calling kt_for - worker_bwt
[0000] read_chunk: 1000000, work_chunk_size: 1000184, nseq: 6758
	[0000][ M::kt_pipeline] read 6758 sequences (1000184 bp)...
[0000] 2. Calling kt_for - worker_aln
[0000] Inferring insert size distribution of PE reads from data, l_pac: 50818468, n: 6758
[0000][PE] # candidate unique pairs for (FF, FR, RF, RR): (0, 68, 3, 0)
[0000][PE] skip orientation FF as there are not enough pairs
[0000][PE] analyzing insert size distribution for orientation FR...
[0000][PE] (25, 50, 75) percentile: (416, 551, 666)
[0000][PE] low and high boundaries for computing mean and std.dev: (1, 1166)
[0000][PE] mean and std.dev: (518.78, 193.27)
[0000][PE] low and high boundaries for proper pairs: (1, 1416)
[0000][PE] skip orientation RF as there are not enough pairs
[0000][PE] skip orientation RR as there are not enough pairs
[0000] 3. Calling kt_for - worker_sam
	[0000][ M::mem_process_seqs] Processed 6758 reads in 3.871 CPU sec, 3.992 real sec
[0000] Calling mem_process_seqs.., task: 191
[0000] 1. Calling kt_for - worker_bwt
[0000] read_chunk: 1000000, work_chunk_size: 1000184, nseq: 6758
	[0000][ M::kt_pipeline] read 6758 sequences (1000184 bp)...
[0000] 2. Calling kt_for - worker_aln
[0000] Inferring insert size distribution of PE reads from data, l_pac: 50818468, n: 6758
[0000][PE] # candidate unique pairs for (FF, FR, RF, RR): (0, 51, 3, 0)
[0000][PE] skip orientation FF as there are not enough pairs
[0000][PE] analyzing insert size distribution for orientation FR...
[0000][PE] (25, 50, 75) percentile: (411, 500, 639)
[0000][PE] low and high boundaries for computing mean and std.dev: (1, 1095)
[0000][PE] mean and std.dev: (490.65, 185.35)
[0000][PE] low and high boundaries for proper pairs: (1, 1323)
[0000][PE] skip orientation RF as there are not enough pairs
[0000][PE] skip orientation RR as there are not enough pairs
[0000] 3. Calling kt_for - worker_sam
	[0000][ M::mem_process_seqs] Processed 6758 reads in 3.764 CPU sec, 3.872 real sec
[0000] Calling mem_process_seqs.., task: 192
[0000] 1. Calling kt_for - worker_bwt
[0000] read_chunk: 1000000, work_chunk_size: 1000184, nseq: 6758
	[0000][ M::kt_pipeline] read 6758 sequences (1000184 bp)...
[0000] 2. Calling kt_for - worker_aln
[0000] Inferring insert size distribution of PE reads from data, l_pac: 50818468, n: 6758
[0000][PE] # candidate unique pairs for (FF, FR, RF, RR): (0, 70, 1, 0)
[0000][PE] skip orientation FF as there are not enough pairs
[0000][PE] analyzing insert size distribution for orientation FR...
[0000][PE] (25, 50, 75) percentile: (397, 550, 660)
[0000][PE] low and high boundaries for computing mean and std.dev: (1, 1186)
[0000][PE] mean and std.dev: (522.29, 207.77)
[0000][PE] low and high boundaries for proper pairs: (1, 1449)
[0000][PE] skip orientation RF as there are not enough pairs
[0000][PE] skip orientation RR as there are not enough pairs
[0000] 3. Calling kt_for - worker_sam
	[0000][ M::mem_process_seqs] Processed 6758 reads in 3.939 CPU sec, 2.670 real sec
[0000] Calling mem_process_seqs.., task: 193
[0000] 1. Calling kt_for - worker_bwt
[0000] read_chunk: 1000000, work_chunk_size: 1000184, nseq: 6758
	[0000][ M::kt_pipeline] read 6758 sequences (1000184 bp)...
[0000] 2. Calling kt_for - worker_aln
[0000] Inferring insert size distribution of PE reads from data, l_pac: 50818468, n: 6758
[0000][PE] # candidate unique pairs for (FF, FR, RF, RR): (0, 68, 2, 0)
[0000][PE] skip orientation FF as there are not enough pairs
[0000][PE] analyzing insert size distribution for orientation FR...
[0000][PE] (25, 50, 75) percentile: (313, 546, 641)
[0000][PE] low and high boundaries for computing mean and std.dev: (1, 1297)
[0000][PE] mean and std.dev: (483.79, 271.64)
[0000][PE] low and high boundaries for proper pairs: (1, 1625)
[0000][PE] skip orientation RF as there are not enough pairs
[0000][PE] skip orientation RR as there are not enough pairs
[0000] 3. Calling kt_for - worker_sam
	[0000][ M::mem_process_seqs] Processed 6758 reads in 3.953 CPU sec, 4.065 real sec
[0000] Calling mem_process_seqs.., task: 194
[0000] 1. Calling kt_for - worker_bwt
[0000] read_chunk: 1000000, work_chunk_size: 1000184, nseq: 6758
	[0000][ M::kt_pipeline] read 6758 sequences (1000184 bp)...
[0000] 2. Calling kt_for - worker_aln
[0000] Inferring insert size distribution of PE reads from data, l_pac: 50818468, n: 6758
[0000][PE] # candidate unique pairs for (FF, FR, RF, RR): (0, 70, 5, 0)
[0000][PE] skip orientation FF as there are not enough pairs
[0000][PE] analyzing insert size distribution for orientation FR...
[0000][PE] (25, 50, 75) percentile: (392, 544, 679)
[0000][PE] low and high boundaries for computing mean and std.dev: (1, 1253)
[0000][PE] mean and std.dev: (512.96, 230.81)
[0000][PE] low and high boundaries for proper pairs: (1, 1540)
[0000][PE] skip orientation RF as there are not enough pairs
[0000][PE] skip orientation RR as there are not enough pairs
[0000] 3. Calling kt_for - worker_sam
	[0000][ M::mem_process_seqs] Processed 6758 reads in 3.932 CPU sec, 4.030 real sec
[0000] Calling mem_process_seqs.., task: 195
[0000] 1. Calling kt_for - worker_bwt
[0000] read_chunk: 1000000, work_chunk_size: 1000184, nseq: 6758
	[0000][ M::kt_pipeline] read 6758 sequences (1000184 bp)...
[0000] 2. Calling kt_for - worker_aln
[0000] Inferring insert size distribution of PE reads from data, l_pac: 50818468, n: 6758
[0000][PE] # candidate unique pairs for (FF, FR, RF, RR): (0, 76, 3, 0)
[0000][PE] skip orientation FF as there are not enough pairs
[0000][PE] analyzing insert size distribution for orientation FR...
[0000][PE] (25, 50, 75) percentile: (384, 533, 634)
[0000][PE] low and high boundaries for computing mean and std.dev: (1, 1134)
[0000][PE] mean and std.dev: (482.37, 223.28)
[0000][PE] low and high boundaries for proper pairs: (1, 1384)
[0000][PE] skip orientation RF as there are not enough pairs
[0000][PE] skip orientation RR as there are not enough pairs
[0000] 3. Calling kt_for - worker_sam
	[0000][ M::mem_process_seqs] Processed 6758 reads in 3.652 CPU sec, 3.761 real sec
[0000] Calling mem_process_seqs.., task: 196
[0000] 1. Calling kt_for - worker_bwt
[0000] read_chunk: 1000000, work_chunk_size: 1000184, nseq: 6758
	[0000][ M::kt_pipeline] read 6758 sequences (1000184 bp)...
[0000] 2. Calling kt_for - worker_aln
[0000] Inferring insert size distribution of PE reads from data, l_pac: 50818468, n: 6758
[0000][PE] # candidate unique pairs for (FF, FR, RF, RR): (0, 49, 3, 0)
[0000][PE] skip orientation FF as there are not enough pairs
[0000][PE] analyzing insert size distribution for orientation FR...
[0000][PE] (25, 50, 75) percentile: (428, 499, 597)
[0000][PE] low and high boundaries for computing mean and std.dev: (90, 935)
[0000][PE] mean and std.dev: (505.92, 151.12)
[0000][PE] low and high boundaries for proper pairs: (1, 1110)
[0000][PE] skip orientation RF as there are not enough pairs
[0000][PE] skip orientation RR as there are not enough pairs
[0000] 3. Calling kt_for - worker_sam
	[0000][ M::mem_process_seqs] Processed 6758 reads in 3.848 CPU sec, 3.965 real sec
[0000] Calling mem_process_seqs.., task: 197
[0000] 1. Calling kt_for - worker_bwt
[0000] read_chunk: 1000000, work_chunk_size: 1000184, nseq: 6758
	[0000][ M::kt_pipeline] read 6758 sequences (1000184 bp)...
[0000] 2. Calling kt_for - worker_aln
[0000] Inferring insert size distribution of PE reads from data, l_pac: 50818468, n: 6758
[0000][PE] # candidate unique pairs for (FF, FR, RF, RR): (0, 65, 3, 0)
[0000][PE] skip orientation FF as there are not enough pairs
[0000][PE] analyzing insert size distribution for orientation FR...
[0000][PE] (25, 50, 75) percentile: (367, 535, 619)
[0000][PE] low and high boundaries for computing mean and std.dev: (1, 1123)
[0000][PE] mean and std.dev: (498.29, 214.52)
[0000][PE] low and high boundaries for proper pairs: (1, 1375)
[0000][PE] skip orientation RF as there are not enough pairs
[0000][PE] skip orientation RR as there are not enough pairs
[0000] 3. Calling kt_for - worker_sam
	[0000][ M::mem_process_seqs] Processed 6758 reads in 3.928 CPU sec, 4.050 real sec
[0000] Calling mem_process_seqs.., task: 198
[0000] 1. Calling kt_for - worker_bwt
[0000] read_chunk: 1000000, work_chunk_size: 1000184, nseq: 6758
	[0000][ M::kt_pipeline] read 6758 sequences (1000184 bp)...
[0000] 2. Calling kt_for - worker_aln
[0000] Inferring insert size distribution of PE reads from data, l_pac: 50818468, n: 6758
[0000][PE] # candidate unique pairs for (FF, FR, RF, RR): (0, 75, 6, 0)
[0000][PE] skip orientation FF as there are not enough pairs
[0000][PE] analyzing insert size distribution for orientation FR...
[0000][PE] (25, 50, 75) percentile: (374, 543, 632)
[0000][PE] low and high boundaries for computing mean and std.dev: (1, 1148)
[0000][PE] mean and std.dev: (507.41, 212.39)
[0000][PE] low and high boundaries for proper pairs: (1, 1406)
[0000][PE] skip orientation RF as there are not enough pairs
[0000][PE] skip orientation RR as there are not enough pairs
[0000] 3. Calling kt_for - worker_sam
	[0000][ M::mem_process_seqs] Processed 6758 reads in 4.040 CPU sec, 4.166 real sec
[0000] Calling mem_process_seqs.., task: 199
[0000] 1. Calling kt_for - worker_bwt
[0000] read_chunk: 1000000, work_chunk_size: 1000184, nseq: 6758
	[0000][ M::kt_pipeline] read 6758 sequences (1000184 bp)...
[0000] 2. Calling kt_for - worker_aln
[0000] Inferring insert size distribution of PE reads from data, l_pac: 50818468, n: 6758
[0000][PE] # candidate unique pairs for (FF, FR, RF, RR): (0, 51, 1, 0)
[0000][PE] skip orientation FF as there are not enough pairs
[0000][PE] analyzing insert size distribution for orientation FR...
[0000][PE] (25, 50, 75) percentile: (442, 538, 668)
[0000][PE] low and high boundaries for computing mean and std.dev: (1, 1120)
[0000][PE] mean and std.dev: (542.32, 227.24)
[0000][PE] low and high boundaries for proper pairs: (1, 1451)
[0000][PE] skip orientation RF as there are not enough pairs
[0000][PE] skip orientation RR as there are not enough pairs
[0000] 3. Calling kt_for - worker_sam
	[0000][ M::mem_process_seqs] Processed 6758 reads in 4.266 CPU sec, 4.402 real sec
[0000] Calling mem_process_seqs.., task: 200
[0000] 1. Calling kt_for - worker_bwt
[0000] read_chunk: 1000000, work_chunk_size: 1000184, nseq: 6758
	[0000][ M::kt_pipeline] read 6758 sequences (1000184 bp)...
[0000] 2. Calling kt_for - worker_aln
[0000] Inferring insert size distribution of PE reads from data, l_pac: 50818468, n: 6758
[0000][PE] # candidate unique pairs for (FF, FR, RF, RR): (0, 72, 2, 0)
[0000][PE] skip orientation FF as there are not enough pairs
[0000][PE] analyzing insert size distribution for orientation FR...
[0000][PE] (25, 50, 75) percentile: (241, 489, 636)
[0000][PE] low and high boundaries for computing mean and std.dev: (1, 1426)
[0000][PE] mean and std.dev: (440.91, 214.67)
[0000][PE] low and high boundaries for proper pairs: (1, 1821)
[0000][PE] skip orientation RF as there are not enough pairs
[0000][PE] skip orientation RR as there are not enough pairs
[0000] 3. Calling kt_for - worker_sam
	[0000][ M::mem_process_seqs] Processed 6758 reads in 4.247 CPU sec, 3.065 real sec
[0000] Calling mem_process_seqs.., task: 201
[0000] 1. Calling kt_for - worker_bwt
[0000] read_chunk: 1000000, work_chunk_size: 1000184, nseq: 6758
	[0000][ M::kt_pipeline] read 6758 sequences (1000184 bp)...
[0000] 2. Calling kt_for - worker_aln
[0000] Inferring insert size distribution of PE reads from data, l_pac: 50818468, n: 6758
[0000][PE] # candidate unique pairs for (FF, FR, RF, RR): (0, 64, 1, 0)
[0000][PE] skip orientation FF as there are not enough pairs
[0000][PE] analyzing insert size distribution for orientation FR...
[0000][PE] (25, 50, 75) percentile: (353, 491, 608)
[0000][PE] low and high boundaries for computing mean and std.dev: (1, 1118)
[0000][PE] mean and std.dev: (480.92, 221.19)
[0000][PE] low and high boundaries for proper pairs: (1, 1373)
[0000][PE] skip orientation RF as there are not enough pairs
[0000][PE] skip orientation RR as there are not enough pairs
[0000] 3. Calling kt_for - worker_sam
	[0000][ M::mem_process_seqs] Processed 6758 reads in 4.171 CPU sec, 4.294 real sec
[0000] Calling mem_process_seqs.., task: 202
[0000] 1. Calling kt_for - worker_bwt
[0000] read_chunk: 1000000, work_chunk_size: 1000184, nseq: 6758
	[0000][ M::kt_pipeline] read 6758 sequences (1000184 bp)...
[0000] 2. Calling kt_for - worker_aln
[0000] Inferring insert size distribution of PE reads from data, l_pac: 50818468, n: 6758
[0000][PE] # candidate unique pairs for (FF, FR, RF, RR): (0, 80, 6, 0)
[0000][PE] skip orientation FF as there are not enough pairs
[0000][PE] analyzing insert size distribution for orientation FR...
[0000][PE] (25, 50, 75) percentile: (258, 505, 601)
[0000][PE] low and high boundaries for computing mean and std.dev: (1, 1287)
[0000][PE] mean and std.dev: (455.91, 235.82)
[0000][PE] low and high boundaries for proper pairs: (1, 1630)
[0000][PE] skip orientation RF as there are not enough pairs
[0000][PE] skip orientation RR as there are not enough pairs
[0000] 3. Calling kt_for - worker_sam
	[0000][ M::mem_process_seqs] Processed 6758 reads in 4.137 CPU sec, 4.268 real sec
[0000] Calling mem_process_seqs.., task: 203
[0000] 1. Calling kt_for - worker_bwt
[0000] read_chunk: 1000000, work_chunk_size: 1000184, nseq: 6758
	[0000][ M::kt_pipeline] read 6758 sequences (1000184 bp)...
[0000] 2. Calling kt_for - worker_aln
[0000] Inferring insert size distribution of PE reads from data, l_pac: 50818468, n: 6758
[0000][PE] # candidate unique pairs for (FF, FR, RF, RR): (0, 56, 6, 0)
[0000][PE] skip orientation FF as there are not enough pairs
[0000][PE] analyzing insert size distribution for orientation FR...
[0000][PE] (25, 50, 75) percentile: (279, 459, 620)
[0000][PE] low and high boundaries for computing mean and std.dev: (1, 1302)
[0000][PE] mean and std.dev: (471.96, 235.65)
[0000][PE] low and high boundaries for proper pairs: (1, 1643)
[0000][PE] skip orientation RF as there are not enough pairs
[0000][PE] skip orientation RR as there are not enough pairs
[0000] 3. Calling kt_for - worker_sam
	[0000][ M::mem_process_seqs] Processed 6758 reads in 3.850 CPU sec, 3.972 real sec
[0000] Calling mem_process_seqs.., task: 204
[0000] 1. Calling kt_for - worker_bwt
[0000] read_chunk: 1000000, work_chunk_size: 1000184, nseq: 6758
	[0000][ M::kt_pipeline] read 6758 sequences (1000184 bp)...
[0000] 2. Calling kt_for - worker_aln
[0000] Inferring insert size distribution of PE reads from data, l_pac: 50818468, n: 6758
[0000][PE] # candidate unique pairs for (FF, FR, RF, RR): (0, 49, 5, 0)
[0000][PE] skip orientation FF as there are not enough pairs
[0000][PE] analyzing insert size distribution for orientation FR...
[0000][PE] (25, 50, 75) percentile: (382, 521, 631)
[0000][PE] low and high boundaries for computing mean and std.dev: (1, 1129)
[0000][PE] mean and std.dev: (479.62, 215.33)
[0000][PE] low and high boundaries for proper pairs: (1, 1378)
[0000][PE] skip orientation RF as there are not enough pairs
[0000][PE] skip orientation RR as there are not enough pairs
[0000] 3. Calling kt_for - worker_sam
	[0000][ M::mem_process_seqs] Processed 6758 reads in 4.142 CPU sec, 4.288 real sec
[0000] Calling mem_process_seqs.., task: 205
[0000] 1. Calling kt_for - worker_bwt
[0000] read_chunk: 1000000, work_chunk_size: 1000184, nseq: 6758
	[0000][ M::kt_pipeline] read 6758 sequences (1000184 bp)...
[0000] 2. Calling kt_for - worker_aln
[0000] Inferring insert size distribution of PE reads from data, l_pac: 50818468, n: 6758
[0000][PE] # candidate unique pairs for (FF, FR, RF, RR): (0, 61, 0, 0)
[0000][PE] skip orientation FF as there are not enough pairs
[0000][PE] analyzing insert size distribution for orientation FR...
[0000][PE] (25, 50, 75) percentile: (386, 538, 669)
[0000][PE] low and high boundaries for computing mean and std.dev: (1, 1235)
[0000][PE] mean and std.dev: (512.67, 239.44)
[0000][PE] low and high boundaries for proper pairs: (1, 1518)
[0000][PE] skip orientation RF as there are not enough pairs
[0000][PE] skip orientation RR as there are not enough pairs
[0000] 3. Calling kt_for - worker_sam
	[0000][ M::mem_process_seqs] Processed 6758 reads in 4.395 CPU sec, 4.504 real sec
[0000] Calling mem_process_seqs.., task: 206
[0000] 1. Calling kt_for - worker_bwt
[0000] read_chunk: 1000000, work_chunk_size: 1000184, nseq: 6758
	[0000][ M::kt_pipeline] read 6758 sequences (1000184 bp)...
[0000] 2. Calling kt_for - worker_aln
[0000] Inferring insert size distribution of PE reads from data, l_pac: 50818468, n: 6758
[0000][PE] # candidate unique pairs for (FF, FR, RF, RR): (0, 60, 5, 0)
[0000][PE] skip orientation FF as there are not enough pairs
[0000][PE] analyzing insert size distribution for orientation FR...
[0000][PE] (25, 50, 75) percentile: (326, 498, 569)
[0000][PE] low and high boundaries for computing mean and std.dev: (1, 1055)
[0000][PE] mean and std.dev: (464.52, 198.28)
[0000][PE] low and high boundaries for proper pairs: (1, 1298)
[0000][PE] skip orientation RF as there are not enough pairs
[0000][PE] skip orientation RR as there are not enough pairs
[0000] 3. Calling kt_for - worker_sam
	[0000][ M::mem_process_seqs] Processed 6758 reads in 4.087 CPU sec, 4.200 real sec
[0000] Calling mem_process_seqs.., task: 207
[0000] 1. Calling kt_for - worker_bwt
[0000] read_chunk: 1000000, work_chunk_size: 1000184, nseq: 6758
	[0000][ M::kt_pipeline] read 6758 sequences (1000184 bp)...
[0000] 2. Calling kt_for - worker_aln
[0000] Inferring insert size distribution of PE reads from data, l_pac: 50818468, n: 6758
[0000][PE] # candidate unique pairs for (FF, FR, RF, RR): (0, 60, 8, 0)
[0000][PE] skip orientation FF as there are not enough pairs
[0000][PE] analyzing insert size distribution for orientation FR...
[0000][PE] (25, 50, 75) percentile: (421, 538, 713)
[0000][PE] low and high boundaries for computing mean and std.dev: (1, 1297)
[0000][PE] mean and std.dev: (522.65, 204.58)
[0000][PE] low and high boundaries for proper pairs: (1, 1589)
[0000][PE] skip orientation RF as there are not enough pairs
[0000][PE] skip orientation RR as there are not enough pairs
[0000] 3. Calling kt_for - worker_sam
	[0000][ M::mem_process_seqs] Processed 6758 reads in 3.859 CPU sec, 3.970 real sec
[0000] Calling mem_process_seqs.., task: 208
[0000] 1. Calling kt_for - worker_bwt
[0000] read_chunk: 1000000, work_chunk_size: 1000184, nseq: 6758
	[0000][ M::kt_pipeline] read 6758 sequences (1000184 bp)...
[0000] 2. Calling kt_for - worker_aln
[0000] Inferring insert size distribution of PE reads from data, l_pac: 50818468, n: 6758
[0000][PE] # candidate unique pairs for (FF, FR, RF, RR): (0, 65, 4, 0)
[0000][PE] skip orientation FF as there are not enough pairs
[0000][PE] analyzing insert size distribution for orientation FR...
[0000][PE] (25, 50, 75) percentile: (450, 537, 635)
[0000][PE] low and high boundaries for computing mean and std.dev: (80, 1005)
[0000][PE] mean and std.dev: (532.08, 182.63)
[0000][PE] low and high boundaries for proper pairs: (1, 1263)
[0000][PE] skip orientation RF as there are not enough pairs
[0000][PE] skip orientation RR as there are not enough pairs
[0000] 3. Calling kt_for - worker_sam
	[0000][ M::mem_process_seqs] Processed 6758 reads in 4.634 CPU sec, 3.396 real sec
[0000] Calling mem_process_seqs.., task: 209
[0000] 1. Calling kt_for - worker_bwt
[0000] read_chunk: 1000000, work_chunk_size: 1000184, nseq: 6758
	[0000][ M::kt_pipeline] read 6758 sequences (1000184 bp)...
[0000] 2. Calling kt_for - worker_aln
[0000] Inferring insert size distribution of PE reads from data, l_pac: 50818468, n: 6758
[0000][PE] # candidate unique pairs for (FF, FR, RF, RR): (0, 72, 7, 0)
[0000][PE] skip orientation FF as there are not enough pairs
[0000][PE] analyzing insert size distribution for orientation FR...
[0000][PE] (25, 50, 75) percentile: (378, 526, 667)
[0000][PE] low and high boundaries for computing mean and std.dev: (1, 1245)
[0000][PE] mean and std.dev: (508.54, 261.83)
[0000][PE] low and high boundaries for proper pairs: (1, 1556)
[0000][PE] skip orientation RF as there are not enough pairs
[0000][PE] skip orientation RR as there are not enough pairs
[0000] 3. Calling kt_for - worker_sam
	[0000][ M::mem_process_seqs] Processed 6758 reads in 6.377 CPU sec, 6.581 real sec
[0000] Calling mem_process_seqs.., task: 210
[0000] 1. Calling kt_for - worker_bwt
[0000] read_chunk: 1000000, work_chunk_size: 1000184, nseq: 6758
	[0000][ M::kt_pipeline] read 6758 sequences (1000184 bp)...
[0000] 2. Calling kt_for - worker_aln
[0000] Inferring insert size distribution of PE reads from data, l_pac: 50818468, n: 6758
[0000][PE] # candidate unique pairs for (FF, FR, RF, RR): (0, 63, 5, 0)
[0000][PE] skip orientation FF as there are not enough pairs
[0000][PE] analyzing insert size distribution for orientation FR...
[0000][PE] (25, 50, 75) percentile: (429, 511, 661)
[0000][PE] low and high boundaries for computing mean and std.dev: (1, 1125)
[0000][PE] mean and std.dev: (503.38, 189.02)
[0000][PE] low and high boundaries for proper pairs: (1, 1357)
[0000][PE] skip orientation RF as there are not enough pairs
[0000][PE] skip orientation RR as there are not enough pairs
[0000] 3. Calling kt_for - worker_sam
	[0000][ M::mem_process_seqs] Processed 6758 reads in 7.113 CPU sec, 7.424 real sec
[0000] Calling mem_process_seqs.., task: 211
[0000] 1. Calling kt_for - worker_bwt
[0000] read_chunk: 1000000, work_chunk_size: 1000184, nseq: 6758
	[0000][ M::kt_pipeline] read 6758 sequences (1000184 bp)...
[0000] 2. Calling kt_for - worker_aln
[0000] Inferring insert size distribution of PE reads from data, l_pac: 50818468, n: 6758
[0000][PE] # candidate unique pairs for (FF, FR, RF, RR): (0, 71, 7, 0)
[0000][PE] skip orientation FF as there are not enough pairs
[0000][PE] analyzing insert size distribution for orientation FR...
[0000][PE] (25, 50, 75) percentile: (301, 484, 608)
[0000][PE] low and high boundaries for computing mean and std.dev: (1, 1222)
[0000][PE] mean and std.dev: (443.83, 206.75)
[0000][PE] low and high boundaries for proper pairs: (1, 1529)
[0000][PE] skip orientation RF as there are not enough pairs
[0000][PE] skip orientation RR as there are not enough pairs
[0000] 3. Calling kt_for - worker_sam
	[0000][ M::mem_process_seqs] Processed 6758 reads in 5.544 CPU sec, 5.704 real sec
[0000] Calling mem_process_seqs.., task: 212
[0000] 1. Calling kt_for - worker_bwt
[0000] read_chunk: 1000000, work_chunk_size: 1000184, nseq: 6758
	[0000][ M::kt_pipeline] read 6758 sequences (1000184 bp)...
[0000] 2. Calling kt_for - worker_aln
[0000] Inferring insert size distribution of PE reads from data, l_pac: 50818468, n: 6758
[0000][PE] # candidate unique pairs for (FF, FR, RF, RR): (0, 67, 5, 0)
[0000][PE] skip orientation FF as there are not enough pairs
[0000][PE] analyzing insert size distribution for orientation FR...
[0000][PE] (25, 50, 75) percentile: (398, 517, 630)
[0000][PE] low and high boundaries for computing mean and std.dev: (1, 1094)
[0000][PE] mean and std.dev: (482.73, 222.95)
[0000][PE] low and high boundaries for proper pairs: (1, 1375)
[0000][PE] skip orientation RF as there are not enough pairs
[0000][PE] skip orientation RR as there are not enough pairs
[0000] 3. Calling kt_for - worker_sam
	[0000][ M::mem_process_seqs] Processed 6758 reads in 5.048 CPU sec, 5.190 real sec
[0000] Calling mem_process_seqs.., task: 213
[0000] 1. Calling kt_for - worker_bwt
[0000] read_chunk: 1000000, work_chunk_size: 1000184, nseq: 6758
	[0000][ M::kt_pipeline] read 6758 sequences (1000184 bp)...
[0000] 2. Calling kt_for - worker_aln
[0000] Inferring insert size distribution of PE reads from data, l_pac: 50818468, n: 6758
[0000][PE] # candidate unique pairs for (FF, FR, RF, RR): (0, 71, 8, 0)
[0000][PE] skip orientation FF as there are not enough pairs
[0000][PE] analyzing insert size distribution for orientation FR...
[0000][PE] (25, 50, 75) percentile: (376, 518, 632)
[0000][PE] low and high boundaries for computing mean and std.dev: (1, 1144)
[0000][PE] mean and std.dev: (490.46, 217.19)
[0000][PE] low and high boundaries for proper pairs: (1, 1400)
[0000][PE] skip orientation RF as there are not enough pairs
[0000][PE] skip orientation RR as there are not enough pairs
[0000] 3. Calling kt_for - worker_sam
	[0000][ M::mem_process_seqs] Processed 6758 reads in 4.785 CPU sec, 3.507 real sec
[0000] Calling mem_process_seqs.., task: 214
[0000] 1. Calling kt_for - worker_bwt
[0000] read_chunk: 1000000, work_chunk_size: 1000184, nseq: 6758
	[0000][ M::kt_pipeline] read 6758 sequences (1000184 bp)...
[0000] 2. Calling kt_for - worker_aln
[0000] Inferring insert size distribution of PE reads from data, l_pac: 50818468, n: 6758
[0000][PE] # candidate unique pairs for (FF, FR, RF, RR): (0, 67, 2, 0)
[0000][PE] skip orientation FF as there are not enough pairs
[0000][PE] analyzing insert size distribution for orientation FR...
[0000][PE] (25, 50, 75) percentile: (416, 522, 673)
[0000][PE] low and high boundaries for computing mean and std.dev: (1, 1187)
[0000][PE] mean and std.dev: (506.06, 229.98)
[0000][PE] low and high boundaries for proper pairs: (1, 1444)
[0000][PE] skip orientation RF as there are not enough pairs
[0000][PE] skip orientation RR as there are not enough pairs
[0000] 3. Calling kt_for - worker_sam
	[0000][ M::mem_process_seqs] Processed 6758 reads in 3.976 CPU sec, 4.069 real sec
[0000] Calling mem_process_seqs.., task: 215
[0000] 1. Calling kt_for - worker_bwt
[0000] 2. Calling kt_for - worker_aln
[0000] Inferring insert size distribution of PE reads from data, l_pac: 50818468, n: 6758
[0000][PE] # candidate unique pairs for (FF, FR, RF, RR): (0, 52, 3, 0)
[0000][PE] skip orientation FF as there are not enough pairs
[0000][PE] analyzing insert size distribution for orientation FR...
[0000][PE] (25, 50, 75) percentile: (346, 519, 615)
[0000][PE] low and high boundaries for computing mean and std.dev: (1, 1153)
[0000][PE] mean and std.dev: (474.10, 218.66)
[0000][PE] low and high boundaries for proper pairs: (1, 1422)
[0000][PE] skip orientation RF as there are not enough pairs
[0000][PE] skip orientation RR as there are not enough pairs
[0000] 3. Calling kt_for - worker_sam
[0000] read_chunk: 1000000, work_chunk_size: 1000184, nseq: 6758
	[0000][ M::kt_pipeline] read 6758 sequences (1000184 bp)...
	[0000][ M::mem_process_seqs] Processed 6758 reads in 4.813 CPU sec, 4.967 real sec
[0000] Calling mem_process_seqs.., task: 216
[0000] 1. Calling kt_for - worker_bwt
[0000] read_chunk: 1000000, work_chunk_size: 1000184, nseq: 6758
	[0000][ M::kt_pipeline] read 6758 sequences (1000184 bp)...
[0000] 2. Calling kt_for - worker_aln
[0000] Inferring insert size distribution of PE reads from data, l_pac: 50818468, n: 6758
[0000][PE] # candidate unique pairs for (FF, FR, RF, RR): (0, 67, 7, 0)
[0000][PE] skip orientation FF as there are not enough pairs
[0000][PE] analyzing insert size distribution for orientation FR...
[0000][PE] (25, 50, 75) percentile: (384, 515, 650)
[0000][PE] low and high boundaries for computing mean and std.dev: (1, 1182)
[0000][PE] mean and std.dev: (517.90, 211.75)
[0000][PE] low and high boundaries for proper pairs: (1, 1448)
[0000][PE] skip orientation RF as there are not enough pairs
[0000][PE] skip orientation RR as there are not enough pairs
[0000] 3. Calling kt_for - worker_sam
	[0000][ M::mem_process_seqs] Processed 6758 reads in 4.098 CPU sec, 4.290 real sec
[0000] Calling mem_process_seqs.., task: 217
[0000] 1. Calling kt_for - worker_bwt
[0000] read_chunk: 1000000, work_chunk_size: 1000184, nseq: 6758
	[0000][ M::kt_pipeline] read 6758 sequences (1000184 bp)...
[0000] 2. Calling kt_for - worker_aln
[0000] Inferring insert size distribution of PE reads from data, l_pac: 50818468, n: 6758
[0000][PE] # candidate unique pairs for (FF, FR, RF, RR): (0, 67, 5, 0)
[0000][PE] skip orientation FF as there are not enough pairs
[0000][PE] analyzing insert size distribution for orientation FR...
[0000][PE] (25, 50, 75) percentile: (389, 491, 579)
[0000][PE] low and high boundaries for computing mean and std.dev: (9, 959)
[0000][PE] mean and std.dev: (460.72, 198.38)
[0000][PE] low and high boundaries for proper pairs: (1, 1254)
[0000][PE] skip orientation RF as there are not enough pairs
[0000][PE] skip orientation RR as there are not enough pairs
[0000] 3. Calling kt_for - worker_sam
	[0000][ M::mem_process_seqs] Processed 6758 reads in 5.339 CPU sec, 5.396 real sec
[0000] Calling mem_process_seqs.., task: 218
[0000] 1. Calling kt_for - worker_bwt
[0000] read_chunk: 1000000, work_chunk_size: 1000184, nseq: 6758
	[0000][ M::kt_pipeline] read 6758 sequences (1000184 bp)...
[0000] 2. Calling kt_for - worker_aln
[0000] Inferring insert size distribution of PE reads from data, l_pac: 50818468, n: 6758
[0000][PE] # candidate unique pairs for (FF, FR, RF, RR): (0, 59, 3, 0)
[0000][PE] skip orientation FF as there are not enough pairs
[0000][PE] analyzing insert size distribution for orientation FR...
[0000][PE] (25, 50, 75) percentile: (302, 492, 666)
[0000][PE] low and high boundaries for computing mean and std.dev: (1, 1394)
[0000][PE] mean and std.dev: (463.60, 225.31)
[0000][PE] low and high boundaries for proper pairs: (1, 1758)
[0000][PE] skip orientation RF as there are not enough pairs
[0000][PE] skip orientation RR as there are not enough pairs
[0000] 3. Calling kt_for - worker_sam
	[0000][ M::mem_process_seqs] Processed 6758 reads in 4.423 CPU sec, 4.383 real sec
[0000] Calling mem_process_seqs.., task: 219
[0000] 1. Calling kt_for - worker_bwt
[0000] read_chunk: 1000000, work_chunk_size: 1000184, nseq: 6758
	[0000][ M::kt_pipeline] read 6758 sequences (1000184 bp)...
[0000] 2. Calling kt_for - worker_aln
[0000] Inferring insert size distribution of PE reads from data, l_pac: 50818468, n: 6758
[0000][PE] # candidate unique pairs for (FF, FR, RF, RR): (0, 75, 6, 0)
[0000][PE] skip orientation FF as there are not enough pairs
[0000][PE] analyzing insert size distribution for orientation FR...
[0000][PE] (25, 50, 75) percentile: (391, 503, 648)
[0000][PE] low and high boundaries for computing mean and std.dev: (1, 1162)
[0000][PE] mean and std.dev: (501.11, 223.36)
[0000][PE] low and high boundaries for proper pairs: (1, 1419)
[0000][PE] skip orientation RF as there are not enough pairs
[0000][PE] skip orientation RR as there are not enough pairs
[0000] 3. Calling kt_for - worker_sam
	[0000][ M::mem_process_seqs] Processed 6758 reads in 4.738 CPU sec, 4.896 real sec
[0000] Calling mem_process_seqs.., task: 220
[0000] 1. Calling kt_for - worker_bwt
[0000] read_chunk: 1000000, work_chunk_size: 1000184, nseq: 6758
	[0000][ M::kt_pipeline] read 6758 sequences (1000184 bp)...
[0000] 2. Calling kt_for - worker_aln
[0000] Inferring insert size distribution of PE reads from data, l_pac: 50818468, n: 6758
[0000][PE] # candidate unique pairs for (FF, FR, RF, RR): (0, 53, 8, 0)
[0000][PE] skip orientation FF as there are not enough pairs
[0000][PE] analyzing insert size distribution for orientation FR...
[0000][PE] (25, 50, 75) percentile: (386, 510, 655)
[0000][PE] low and high boundaries for computing mean and std.dev: (1, 1193)
[0000][PE] mean and std.dev: (489.30, 204.08)
[0000][PE] low and high boundaries for proper pairs: (1, 1462)
[0000][PE] skip orientation RF as there are not enough pairs
[0000][PE] skip orientation RR as there are not enough pairs
[0000] 3. Calling kt_for - worker_sam
	[0000][ M::mem_process_seqs] Processed 6758 reads in 4.735 CPU sec, 3.481 real sec
[0000] Calling mem_process_seqs.., task: 221
[0000] 1. Calling kt_for - worker_bwt
[0000] read_chunk: 1000000, work_chunk_size: 1000184, nseq: 6758
	[0000][ M::kt_pipeline] read 6758 sequences (1000184 bp)...
[0000] 2. Calling kt_for - worker_aln
[0000] Inferring insert size distribution of PE reads from data, l_pac: 50818468, n: 6758
[0000][PE] # candidate unique pairs for (FF, FR, RF, RR): (0, 72, 2, 0)
[0000][PE] skip orientation FF as there are not enough pairs
[0000][PE] analyzing insert size distribution for orientation FR...
[0000][PE] (25, 50, 75) percentile: (337, 536, 657)
[0000][PE] low and high boundaries for computing mean and std.dev: (1, 1297)
[0000][PE] mean and std.dev: (492.83, 224.03)
[0000][PE] low and high boundaries for proper pairs: (1, 1617)
[0000][PE] skip orientation RF as there are not enough pairs
[0000][PE] skip orientation RR as there are not enough pairs
[0000] 3. Calling kt_for - worker_sam
	[0000][ M::mem_process_seqs] Processed 6758 reads in 4.945 CPU sec, 5.093 real sec
[0000] Calling mem_process_seqs.., task: 222
[0000] 1. Calling kt_for - worker_bwt
[0000] read_chunk: 1000000, work_chunk_size: 1000184, nseq: 6758
	[0000][ M::kt_pipeline] read 6758 sequences (1000184 bp)...
[0000] 2. Calling kt_for - worker_aln
[0000] Inferring insert size distribution of PE reads from data, l_pac: 50818468, n: 6758
[0000][PE] # candidate unique pairs for (FF, FR, RF, RR): (1, 60, 5, 0)
[0000][PE] skip orientation FF as there are not enough pairs
[0000][PE] analyzing insert size distribution for orientation FR...
[0000][PE] (25, 50, 75) percentile: (413, 521, 649)
[0000][PE] low and high boundaries for computing mean and std.dev: (1, 1121)
[0000][PE] mean and std.dev: (499.10, 221.36)
[0000][PE] low and high boundaries for proper pairs: (1, 1385)
[0000][PE] skip orientation RF as there are not enough pairs
[0000][PE] skip orientation RR as there are not enough pairs
[0000] 3. Calling kt_for - worker_sam
	[0000][ M::mem_process_seqs] Processed 6758 reads in 3.970 CPU sec, 4.090 real sec
[0000] Calling mem_process_seqs.., task: 223
[0000] 1. Calling kt_for - worker_bwt
[0000] read_chunk: 1000000, work_chunk_size: 1000184, nseq: 6758
	[0000][ M::kt_pipeline] read 6758 sequences (1000184 bp)...
[0000] 2. Calling kt_for - worker_aln
[0000] Inferring insert size distribution of PE reads from data, l_pac: 50818468, n: 6758
[0000][PE] # candidate unique pairs for (FF, FR, RF, RR): (0, 64, 3, 0)
[0000][PE] skip orientation FF as there are not enough pairs
[0000][PE] analyzing insert size distribution for orientation FR...
[0000][PE] (25, 50, 75) percentile: (374, 564, 671)
[0000][PE] low and high boundaries for computing mean and std.dev: (1, 1265)
[0000][PE] mean and std.dev: (504.36, 221.42)
[0000][PE] low and high boundaries for proper pairs: (1, 1562)
[0000][PE] skip orientation RF as there are not enough pairs
[0000][PE] skip orientation RR as there are not enough pairs
[0000] 3. Calling kt_for - worker_sam
	[0000][ M::mem_process_seqs] Processed 6758 reads in 4.004 CPU sec, 4.117 real sec
[0000] Calling mem_process_seqs.., task: 224
[0000] 1. Calling kt_for - worker_bwt
[0000] read_chunk: 1000000, work_chunk_size: 1000184, nseq: 6758
	[0000][ M::kt_pipeline] read 6758 sequences (1000184 bp)...
[0000] 2. Calling kt_for - worker_aln
[0000] Inferring insert size distribution of PE reads from data, l_pac: 50818468, n: 6758
[0000][PE] # candidate unique pairs for (FF, FR, RF, RR): (0, 53, 4, 0)
[0000][PE] skip orientation FF as there are not enough pairs
[0000][PE] analyzing insert size distribution for orientation FR...
[0000][PE] (25, 50, 75) percentile: (253, 508, 632)
[0000][PE] low and high boundaries for computing mean and std.dev: (1, 1390)
[0000][PE] mean and std.dev: (451.83, 229.31)
[0000][PE] low and high boundaries for proper pairs: (1, 1769)
[0000][PE] skip orientation RF as there are not enough pairs
[0000][PE] skip orientation RR as there are not enough pairs
[0000] 3. Calling kt_for - worker_sam
	[0000][ M::mem_process_seqs] Processed 6758 reads in 4.462 CPU sec, 4.597 real sec
[0000] Calling mem_process_seqs.., task: 225
[0000] 1. Calling kt_for - worker_bwt
[0000] read_chunk: 1000000, work_chunk_size: 1000184, nseq: 6758
	[0000][ M::kt_pipeline] read 6758 sequences (1000184 bp)...
[0000] 2. Calling kt_for - worker_aln
[0000] Inferring insert size distribution of PE reads from data, l_pac: 50818468, n: 6758
[0000][PE] # candidate unique pairs for (FF, FR, RF, RR): (0, 62, 4, 1)
[0000][PE] skip orientation FF as there are not enough pairs
[0000][PE] analyzing insert size distribution for orientation FR...
[0000][PE] (25, 50, 75) percentile: (357, 518, 608)
[0000][PE] low and high boundaries for computing mean and std.dev: (1, 1110)
[0000][PE] mean and std.dev: (479.07, 202.86)
[0000][PE] low and high boundaries for proper pairs: (1, 1361)
[0000][PE] skip orientation RF as there are not enough pairs
[0000][PE] skip orientation RR as there are not enough pairs
[0000] 3. Calling kt_for - worker_sam
	[0000][ M::mem_process_seqs] Processed 6758 reads in 4.132 CPU sec, 4.252 real sec
[0000] Calling mem_process_seqs.., task: 226
[0000] 1. Calling kt_for - worker_bwt
[0000] read_chunk: 1000000, work_chunk_size: 1000184, nseq: 6758
	[0000][ M::kt_pipeline] read 6758 sequences (1000184 bp)...
[0000] 2. Calling kt_for - worker_aln
[0000] Inferring insert size distribution of PE reads from data, l_pac: 50818468, n: 6758
[0000][PE] # candidate unique pairs for (FF, FR, RF, RR): (0, 62, 3, 0)
[0000][PE] skip orientation FF as there are not enough pairs
[0000][PE] analyzing insert size distribution for orientation FR...
[0000][PE] (25, 50, 75) percentile: (458, 585, 671)
[0000][PE] low and high boundaries for computing mean and std.dev: (32, 1097)
[0000][PE] mean and std.dev: (523.47, 201.02)
[0000][PE] low and high boundaries for proper pairs: (1, 1328)
[0000][PE] skip orientation RF as there are not enough pairs
[0000][PE] skip orientation RR as there are not enough pairs
[0000] 3. Calling kt_for - worker_sam
	[0000][ M::mem_process_seqs] Processed 6758 reads in 3.978 CPU sec, 4.099 real sec
[0000] Calling mem_process_seqs.., task: 227
[0000] 1. Calling kt_for - worker_bwt
[0000] read_chunk: 1000000, work_chunk_size: 1000184, nseq: 6758
	[0000][ M::kt_pipeline] read 6758 sequences (1000184 bp)...
[0000] 2. Calling kt_for - worker_aln
[0000] Inferring insert size distribution of PE reads from data, l_pac: 50818468, n: 6758
[0000][PE] # candidate unique pairs for (FF, FR, RF, RR): (0, 65, 2, 0)
[0000][PE] skip orientation FF as there are not enough pairs
[0000][PE] analyzing insert size distribution for orientation FR...
[0000][PE] (25, 50, 75) percentile: (381, 530, 680)
[0000][PE] low and high boundaries for computing mean and std.dev: (1, 1278)
[0000][PE] mean and std.dev: (522.12, 239.09)
[0000][PE] low and high boundaries for proper pairs: (1, 1577)
[0000][PE] skip orientation RF as there are not enough pairs
[0000][PE] skip orientation RR as there are not enough pairs
[0000] 3. Calling kt_for - worker_sam
	[0000][ M::mem_process_seqs] Processed 6758 reads in 3.911 CPU sec, 2.725 real sec
[0000] Calling mem_process_seqs.., task: 228
[0000] 1. Calling kt_for - worker_bwt
[0000] read_chunk: 1000000, work_chunk_size: 1000184, nseq: 6758
	[0000][ M::kt_pipeline] read 6758 sequences (1000184 bp)...
[0000] 2. Calling kt_for - worker_aln
[0000] Inferring insert size distribution of PE reads from data, l_pac: 50818468, n: 6758
[0000][PE] # candidate unique pairs for (FF, FR, RF, RR): (1, 69, 3, 0)
[0000][PE] skip orientation FF as there are not enough pairs
[0000][PE] analyzing insert size distribution for orientation FR...
[0000][PE] (25, 50, 75) percentile: (400, 554, 678)
[0000][PE] low and high boundaries for computing mean and std.dev: (1, 1234)
[0000][PE] mean and std.dev: (525.76, 221.71)
[0000][PE] low and high boundaries for proper pairs: (1, 1512)
[0000][PE] skip orientation RF as there are not enough pairs
[0000][PE] skip orientation RR as there are not enough pairs
[0000] 3. Calling kt_for - worker_sam
	[0000][ M::mem_process_seqs] Processed 6758 reads in 3.996 CPU sec, 4.110 real sec
[0000] Calling mem_process_seqs.., task: 229
[0000] 1. Calling kt_for - worker_bwt
[0000] read_chunk: 1000000, work_chunk_size: 1000184, nseq: 6758
	[0000][ M::kt_pipeline] read 6758 sequences (1000184 bp)...
[0000] 2. Calling kt_for - worker_aln
[0000] Inferring insert size distribution of PE reads from data, l_pac: 50818468, n: 6758
[0000][PE] # candidate unique pairs for (FF, FR, RF, RR): (0, 79, 2, 0)
[0000][PE] skip orientation FF as there are not enough pairs
[0000][PE] analyzing insert size distribution for orientation FR...
[0000][PE] (25, 50, 75) percentile: (410, 521, 661)
[0000][PE] low and high boundaries for computing mean and std.dev: (1, 1163)
[0000][PE] mean and std.dev: (501.73, 212.29)
[0000][PE] low and high boundaries for proper pairs: (1, 1414)
[0000][PE] skip orientation RF as there are not enough pairs
[0000][PE] skip orientation RR as there are not enough pairs
[0000] 3. Calling kt_for - worker_sam
	[0000][ M::mem_process_seqs] Processed 6758 reads in 4.036 CPU sec, 4.163 real sec
[0000] Calling mem_process_seqs.., task: 230
[0000] 1. Calling kt_for - worker_bwt
[0000] read_chunk: 1000000, work_chunk_size: 1000184, nseq: 6758
	[0000][ M::kt_pipeline] read 6758 sequences (1000184 bp)...
[0000] 2. Calling kt_for - worker_aln
[0000] Inferring insert size distribution of PE reads from data, l_pac: 50818468, n: 6758
[0000][PE] # candidate unique pairs for (FF, FR, RF, RR): (0, 74, 3, 0)
[0000][PE] skip orientation FF as there are not enough pairs
[0000][PE] analyzing insert size distribution for orientation FR...
[0000][PE] (25, 50, 75) percentile: (321, 478, 612)
[0000][PE] low and high boundaries for computing mean and std.dev: (1, 1194)
[0000][PE] mean and std.dev: (442.85, 228.69)
[0000][PE] low and high boundaries for proper pairs: (1, 1485)
[0000][PE] skip orientation RF as there are not enough pairs
[0000][PE] skip orientation RR as there are not enough pairs
[0000] 3. Calling kt_for - worker_sam
	[0000][ M::mem_process_seqs] Processed 6758 reads in 3.963 CPU sec, 4.080 real sec
[0000] Calling mem_process_seqs.., task: 231
[0000] 1. Calling kt_for - worker_bwt
[0000] read_chunk: 1000000, work_chunk_size: 1000184, nseq: 6758
	[0000][ M::kt_pipeline] read 6758 sequences (1000184 bp)...
[0000] 2. Calling kt_for - worker_aln
[0000] Inferring insert size distribution of PE reads from data, l_pac: 50818468, n: 6758
[0000][PE] # candidate unique pairs for (FF, FR, RF, RR): (0, 60, 3, 0)
[0000][PE] skip orientation FF as there are not enough pairs
[0000][PE] analyzing insert size distribution for orientation FR...
[0000][PE] (25, 50, 75) percentile: (401, 518, 621)
[0000][PE] low and high boundaries for computing mean and std.dev: (1, 1061)
[0000][PE] mean and std.dev: (490.75, 214.77)
[0000][PE] low and high boundaries for proper pairs: (1, 1350)
[0000][PE] skip orientation RF as there are not enough pairs
[0000][PE] skip orientation RR as there are not enough pairs
[0000] 3. Calling kt_for - worker_sam
	[0000][ M::mem_process_seqs] Processed 6758 reads in 3.878 CPU sec, 3.999 real sec
[0000] Calling mem_process_seqs.., task: 232
[0000] 1. Calling kt_for - worker_bwt
[0000] read_chunk: 1000000, work_chunk_size: 1000184, nseq: 6758
	[0000][ M::kt_pipeline] read 6758 sequences (1000184 bp)...
[0000] 2. Calling kt_for - worker_aln
[0000] Inferring insert size distribution of PE reads from data, l_pac: 50818468, n: 6758
[0000][PE] # candidate unique pairs for (FF, FR, RF, RR): (0, 67, 5, 0)
[0000][PE] skip orientation FF as there are not enough pairs
[0000][PE] analyzing insert size distribution for orientation FR...
[0000][PE] (25, 50, 75) percentile: (365, 506, 645)
[0000][PE] low and high boundaries for computing mean and std.dev: (1, 1205)
[0000][PE] mean and std.dev: (482.81, 223.31)
[0000][PE] low and high boundaries for proper pairs: (1, 1485)
[0000][PE] skip orientation RF as there are not enough pairs
[0000][PE] skip orientation RR as there are not enough pairs
[0000] 3. Calling kt_for - worker_sam
	[0000][ M::mem_process_seqs] Processed 6758 reads in 3.909 CPU sec, 4.033 real sec
[0000] Calling mem_process_seqs.., task: 233
[0000] 1. Calling kt_for - worker_bwt
[0000] read_chunk: 1000000, work_chunk_size: 1000184, nseq: 6758
	[0000][ M::kt_pipeline] read 6758 sequences (1000184 bp)...
[0000] 2. Calling kt_for - worker_aln
[0000] Inferring insert size distribution of PE reads from data, l_pac: 50818468, n: 6758
[0000][PE] # candidate unique pairs for (FF, FR, RF, RR): (0, 58, 5, 0)
[0000][PE] skip orientation FF as there are not enough pairs
[0000][PE] analyzing insert size distribution for orientation FR...
[0000][PE] (25, 50, 75) percentile: (447, 541, 663)
[0000][PE] low and high boundaries for computing mean and std.dev: (15, 1095)
[0000][PE] mean and std.dev: (516.95, 232.70)
[0000][PE] low and high boundaries for proper pairs: (1, 1448)
[0000][PE] skip orientation RF as there are not enough pairs
[0000][PE] skip orientation RR as there are not enough pairs
[0000] 3. Calling kt_for - worker_sam
	[0000][ M::mem_process_seqs] Processed 6758 reads in 4.340 CPU sec, 4.477 real sec
[0000] Calling mem_process_seqs.., task: 234
[0000] 1. Calling kt_for - worker_bwt
[0000] read_chunk: 1000000, work_chunk_size: 1000184, nseq: 6758
	[0000][ M::kt_pipeline] read 6758 sequences (1000184 bp)...
[0000] 2. Calling kt_for - worker_aln
[0000] Inferring insert size distribution of PE reads from data, l_pac: 50818468, n: 6758
[0000][PE] # candidate unique pairs for (FF, FR, RF, RR): (0, 70, 6, 0)
[0000][PE] skip orientation FF as there are not enough pairs
[0000][PE] analyzing insert size distribution for orientation FR...
[0000][PE] (25, 50, 75) percentile: (415, 534, 682)
[0000][PE] low and high boundaries for computing mean and std.dev: (1, 1216)
[0000][PE] mean and std.dev: (525.26, 223.48)
[0000][PE] low and high boundaries for proper pairs: (1, 1483)
[0000][PE] skip orientation RF as there are not enough pairs
[0000][PE] skip orientation RR as there are not enough pairs
[0000] 3. Calling kt_for - worker_sam
	[0000][ M::mem_process_seqs] Processed 6758 reads in 4.247 CPU sec, 4.385 real sec
[0000] Calling mem_process_seqs.., task: 235
[0000] 1. Calling kt_for - worker_bwt
[0000] read_chunk: 1000000, work_chunk_size: 1000184, nseq: 6758
	[0000][ M::kt_pipeline] read 6758 sequences (1000184 bp)...
[0000] 2. Calling kt_for - worker_aln
[0000] Inferring insert size distribution of PE reads from data, l_pac: 50818468, n: 6758
[0000][PE] # candidate unique pairs for (FF, FR, RF, RR): (0, 69, 2, 0)
[0000][PE] skip orientation FF as there are not enough pairs
[0000][PE] analyzing insert size distribution for orientation FR...
[0000][PE] (25, 50, 75) percentile: (368, 521, 667)
[0000][PE] low and high boundaries for computing mean and std.dev: (1, 1265)
[0000][PE] mean and std.dev: (481.55, 221.77)
[0000][PE] low and high boundaries for proper pairs: (1, 1564)
[0000][PE] skip orientation RF as there are not enough pairs
[0000][PE] skip orientation RR as there are not enough pairs
[0000] 3. Calling kt_for - worker_sam
	[0000][ M::mem_process_seqs] Processed 6758 reads in 4.152 CPU sec, 2.966 real sec
[0000] Calling mem_process_seqs.., task: 236
[0000] 1. Calling kt_for - worker_bwt
[0000] read_chunk: 1000000, work_chunk_size: 1000184, nseq: 6758
	[0000][ M::kt_pipeline] read 6758 sequences (1000184 bp)...
[0000] 2. Calling kt_for - worker_aln
[0000] Inferring insert size distribution of PE reads from data, l_pac: 50818468, n: 6758
[0000][PE] # candidate unique pairs for (FF, FR, RF, RR): (0, 63, 7, 0)
[0000][PE] skip orientation FF as there are not enough pairs
[0000][PE] analyzing insert size distribution for orientation FR...
[0000][PE] (25, 50, 75) percentile: (335, 542, 608)
[0000][PE] low and high boundaries for computing mean and std.dev: (1, 1154)
[0000][PE] mean and std.dev: (469.95, 207.27)
[0000][PE] low and high boundaries for proper pairs: (1, 1427)
[0000][PE] skip orientation RF as there are not enough pairs
[0000][PE] skip orientation RR as there are not enough pairs
[0000] 3. Calling kt_for - worker_sam
	[0000][ M::mem_process_seqs] Processed 6758 reads in 3.670 CPU sec, 3.764 real sec
[0000] Calling mem_process_seqs.., task: 237
[0000] 1. Calling kt_for - worker_bwt
[0000] read_chunk: 1000000, work_chunk_size: 1000184, nseq: 6758
	[0000][ M::kt_pipeline] read 6758 sequences (1000184 bp)...
[0000] 2. Calling kt_for - worker_aln
[0000] Inferring insert size distribution of PE reads from data, l_pac: 50818468, n: 6758
[0000][PE] # candidate unique pairs for (FF, FR, RF, RR): (0, 70, 7, 0)
[0000][PE] skip orientation FF as there are not enough pairs
[0000][PE] analyzing insert size distribution for orientation FR...
[0000][PE] (25, 50, 75) percentile: (340, 492, 673)
[0000][PE] low and high boundaries for computing mean and std.dev: (1, 1339)
[0000][PE] mean and std.dev: (484.58, 242.09)
[0000][PE] low and high boundaries for proper pairs: (1, 1672)
[0000][PE] skip orientation RF as there are not enough pairs
[0000][PE] skip orientation RR as there are not enough pairs
[0000] 3. Calling kt_for - worker_sam
	[0000][ M::mem_process_seqs] Processed 6758 reads in 6.553 CPU sec, 6.799 real sec
[0000] Calling mem_process_seqs.., task: 238
[0000] 1. Calling kt_for - worker_bwt
[0000] read_chunk: 1000000, work_chunk_size: 1000184, nseq: 6758
	[0000][ M::kt_pipeline] read 6758 sequences (1000184 bp)...
[0000] 2. Calling kt_for - worker_aln
[0000] Inferring insert size distribution of PE reads from data, l_pac: 50818468, n: 6758
[0000][PE] # candidate unique pairs for (FF, FR, RF, RR): (0, 64, 2, 0)
[0000][PE] skip orientation FF as there are not enough pairs
[0000][PE] analyzing insert size distribution for orientation FR...
[0000][PE] (25, 50, 75) percentile: (403, 498, 628)
[0000][PE] low and high boundaries for computing mean and std.dev: (1, 1078)
[0000][PE] mean and std.dev: (495.45, 206.88)
[0000][PE] low and high boundaries for proper pairs: (1, 1323)
[0000][PE] skip orientation RF as there are not enough pairs
[0000][PE] skip orientation RR as there are not enough pairs
[0000] 3. Calling kt_for - worker_sam
	[0000][ M::mem_process_seqs] Processed 6758 reads in 4.061 CPU sec, 4.194 real sec
[0000] Calling mem_process_seqs.., task: 239
[0000] 1. Calling kt_for - worker_bwt
[0000] read_chunk: 1000000, work_chunk_size: 1000184, nseq: 6758
	[0000][ M::kt_pipeline] read 6758 sequences (1000184 bp)...
[0000] 2. Calling kt_for - worker_aln
[0000] Inferring insert size distribution of PE reads from data, l_pac: 50818468, n: 6758
[0000][PE] # candidate unique pairs for (FF, FR, RF, RR): (1, 64, 8, 0)
[0000][PE] skip orientation FF as there are not enough pairs
[0000][PE] analyzing insert size distribution for orientation FR...
[0000][PE] (25, 50, 75) percentile: (456, 542, 656)
[0000][PE] low and high boundaries for computing mean and std.dev: (56, 1056)
[0000][PE] mean and std.dev: (530.52, 182.37)
[0000][PE] low and high boundaries for proper pairs: (1, 1260)
[0000][PE] skip orientation RF as there are not enough pairs
[0000][PE] skip orientation RR as there are not enough pairs
[0000] 3. Calling kt_for - worker_sam
	[0000][ M::mem_process_seqs] Processed 6758 reads in 4.015 CPU sec, 4.143 real sec
[0000] Calling mem_process_seqs.., task: 240
[0000] 1. Calling kt_for - worker_bwt
[0000] read_chunk: 1000000, work_chunk_size: 1000184, nseq: 6758
	[0000][ M::kt_pipeline] read 6758 sequences (1000184 bp)...
[0000] 2. Calling kt_for - worker_aln
[0000] Inferring insert size distribution of PE reads from data, l_pac: 50818468, n: 6758
[0000][PE] # candidate unique pairs for (FF, FR, RF, RR): (0, 61, 4, 0)
[0000][PE] skip orientation FF as there are not enough pairs
[0000][PE] analyzing insert size distribution for orientation FR...
[0000][PE] (25, 50, 75) percentile: (409, 525, 669)
[0000][PE] low and high boundaries for computing mean and std.dev: (1, 1189)
[0000][PE] mean and std.dev: (516.16, 218.24)
[0000][PE] low and high boundaries for proper pairs: (1, 1449)
[0000][PE] skip orientation RF as there are not enough pairs
[0000][PE] skip orientation RR as there are not enough pairs
[0000] 3. Calling kt_for - worker_sam
	[0000][ M::mem_process_seqs] Processed 6758 reads in 3.932 CPU sec, 4.056 real sec
[0000] Calling mem_process_seqs.., task: 241
[0000] 1. Calling kt_for - worker_bwt
[0000] read_chunk: 1000000, work_chunk_size: 1000184, nseq: 6758
	[0000][ M::kt_pipeline] read 6758 sequences (1000184 bp)...
[0000] 2. Calling kt_for - worker_aln
[0000] Inferring insert size distribution of PE reads from data, l_pac: 50818468, n: 6758
[0000][PE] # candidate unique pairs for (FF, FR, RF, RR): (0, 61, 5, 0)
[0000][PE] skip orientation FF as there are not enough pairs
[0000][PE] analyzing insert size distribution for orientation FR...
[0000][PE] (25, 50, 75) percentile: (332, 491, 714)
[0000][PE] low and high boundaries for computing mean and std.dev: (1, 1478)
[0000][PE] mean and std.dev: (500.22, 253.95)
[0000][PE] low and high boundaries for proper pairs: (1, 1860)
[0000][PE] skip orientation RF as there are not enough pairs
[0000][PE] skip orientation RR as there are not enough pairs
[0000] 3. Calling kt_for - worker_sam
	[0000][ M::mem_process_seqs] Processed 6758 reads in 4.250 CPU sec, 4.388 real sec
[0000] Calling mem_process_seqs.., task: 242
[0000] 1. Calling kt_for - worker_bwt
[0000] read_chunk: 1000000, work_chunk_size: 1000184, nseq: 6758
	[0000][ M::kt_pipeline] read 6758 sequences (1000184 bp)...
[0000] 2. Calling kt_for - worker_aln
[0000] Inferring insert size distribution of PE reads from data, l_pac: 50818468, n: 6758
[0000][PE] # candidate unique pairs for (FF, FR, RF, RR): (0, 63, 4, 0)
[0000][PE] skip orientation FF as there are not enough pairs
[0000][PE] analyzing insert size distribution for orientation FR...
[0000][PE] (25, 50, 75) percentile: (401, 525, 643)
[0000][PE] low and high boundaries for computing mean and std.dev: (1, 1127)
[0000][PE] mean and std.dev: (507.25, 227.32)
[0000][PE] low and high boundaries for proper pairs: (1, 1417)
[0000][PE] skip orientation RF as there are not enough pairs
[0000][PE] skip orientation RR as there are not enough pairs
[0000] 3. Calling kt_for - worker_sam
	[0000][ M::mem_process_seqs] Processed 6758 reads in 4.182 CPU sec, 2.923 real sec
[0000] Calling mem_process_seqs.., task: 243
[0000] 1. Calling kt_for - worker_bwt
[0000] read_chunk: 1000000, work_chunk_size: 1000184, nseq: 6758
	[0000][ M::kt_pipeline] read 6758 sequences (1000184 bp)...
[0000] 2. Calling kt_for - worker_aln
[0000] Inferring insert size distribution of PE reads from data, l_pac: 50818468, n: 6758
[0000][PE] # candidate unique pairs for (FF, FR, RF, RR): (1, 64, 4, 0)
[0000][PE] skip orientation FF as there are not enough pairs
[0000][PE] analyzing insert size distribution for orientation FR...
[0000][PE] (25, 50, 75) percentile: (449, 583, 688)
[0000][PE] low and high boundaries for computing mean and std.dev: (1, 1166)
[0000][PE] mean and std.dev: (532.10, 221.27)
[0000][PE] low and high boundaries for proper pairs: (1, 1417)
[0000][PE] skip orientation RF as there are not enough pairs
[0000][PE] skip orientation RR as there are not enough pairs
[0000] 3. Calling kt_for - worker_sam
	[0000][ M::mem_process_seqs] Processed 6758 reads in 3.989 CPU sec, 4.083 real sec
[0000] Calling mem_process_seqs.., task: 244
[0000] 1. Calling kt_for - worker_bwt
[0000] read_chunk: 1000000, work_chunk_size: 1000184, nseq: 6758
	[0000][ M::kt_pipeline] read 6758 sequences (1000184 bp)...
[0000] 2. Calling kt_for - worker_aln
[0000] Inferring insert size distribution of PE reads from data, l_pac: 50818468, n: 6758
[0000][PE] # candidate unique pairs for (FF, FR, RF, RR): (0, 69, 5, 0)
[0000][PE] skip orientation FF as there are not enough pairs
[0000][PE] analyzing insert size distribution for orientation FR...
[0000][PE] (25, 50, 75) percentile: (282, 514, 636)
[0000][PE] low and high boundaries for computing mean and std.dev: (1, 1344)
[0000][PE] mean and std.dev: (465.64, 241.32)
[0000][PE] low and high boundaries for proper pairs: (1, 1698)
[0000][PE] skip orientation RF as there are not enough pairs
[0000][PE] skip orientation RR as there are not enough pairs
[0000] 3. Calling kt_for - worker_sam
	[0000][ M::mem_process_seqs] Processed 6758 reads in 4.355 CPU sec, 4.446 real sec
[0000] Calling mem_process_seqs.., task: 245
[0000] 1. Calling kt_for - worker_bwt
[0000] read_chunk: 1000000, work_chunk_size: 1000184, nseq: 6758
	[0000][ M::kt_pipeline] read 6758 sequences (1000184 bp)...
[0000] 2. Calling kt_for - worker_aln
[0000] Inferring insert size distribution of PE reads from data, l_pac: 50818468, n: 6758
[0000][PE] # candidate unique pairs for (FF, FR, RF, RR): (0, 63, 3, 0)
[0000][PE] skip orientation FF as there are not enough pairs
[0000][PE] analyzing insert size distribution for orientation FR...
[0000][PE] (25, 50, 75) percentile: (417, 563, 676)
[0000][PE] low and high boundaries for computing mean and std.dev: (1, 1194)
[0000][PE] mean and std.dev: (517.77, 247.79)
[0000][PE] low and high boundaries for proper pairs: (1, 1509)
[0000][PE] skip orientation RF as there are not enough pairs
[0000][PE] skip orientation RR as there are not enough pairs
[0000] 3. Calling kt_for - worker_sam
	[0000][ M::mem_process_seqs] Processed 6758 reads in 4.045 CPU sec, 4.196 real sec
[0000] Calling mem_process_seqs.., task: 246
[0000] 1. Calling kt_for - worker_bwt
[0000] read_chunk: 1000000, work_chunk_size: 1000184, nseq: 6758
	[0000][ M::kt_pipeline] read 6758 sequences (1000184 bp)...
[0000] 2. Calling kt_for - worker_aln
[0000] Inferring insert size distribution of PE reads from data, l_pac: 50818468, n: 6758
[0000][PE] # candidate unique pairs for (FF, FR, RF, RR): (0, 55, 8, 0)
[0000][PE] skip orientation FF as there are not enough pairs
[0000][PE] analyzing insert size distribution for orientation FR...
[0000][PE] (25, 50, 75) percentile: (380, 496, 681)
[0000][PE] low and high boundaries for computing mean and std.dev: (1, 1283)
[0000][PE] mean and std.dev: (508.91, 216.50)
[0000][PE] low and high boundaries for proper pairs: (1, 1584)
[0000][PE] skip orientation RF as there are not enough pairs
[0000][PE] skip orientation RR as there are not enough pairs
[0000] 3. Calling kt_for - worker_sam
	[0000][ M::mem_process_seqs] Processed 6758 reads in 4.232 CPU sec, 4.366 real sec
[0000] Calling mem_process_seqs.., task: 247
[0000] 1. Calling kt_for - worker_bwt
[0000] read_chunk: 1000000, work_chunk_size: 1000184, nseq: 6758
	[0000][ M::kt_pipeline] read 6758 sequences (1000184 bp)...
[0000] 2. Calling kt_for - worker_aln
[0000] Inferring insert size distribution of PE reads from data, l_pac: 50818468, n: 6758
[0000][PE] # candidate unique pairs for (FF, FR, RF, RR): (0, 66, 6, 0)
[0000][PE] skip orientation FF as there are not enough pairs
[0000][PE] analyzing insert size distribution for orientation FR...
[0000][PE] (25, 50, 75) percentile: (348, 536, 642)
[0000][PE] low and high boundaries for computing mean and std.dev: (1, 1230)
[0000][PE] mean and std.dev: (481.31, 212.39)
[0000][PE] low and high boundaries for proper pairs: (1, 1524)
[0000][PE] skip orientation RF as there are not enough pairs
[0000][PE] skip orientation RR as there are not enough pairs
[0000] 3. Calling kt_for - worker_sam
	[0000][ M::mem_process_seqs] Processed 6758 reads in 4.020 CPU sec, 4.162 real sec
[0000] Calling mem_process_seqs.., task: 248
[0000] 1. Calling kt_for - worker_bwt
[0000] read_chunk: 1000000, work_chunk_size: 1000184, nseq: 6758
	[0000][ M::kt_pipeline] read 6758 sequences (1000184 bp)...
[0000] 2. Calling kt_for - worker_aln
[0000] Inferring insert size distribution of PE reads from data, l_pac: 50818468, n: 6758
[0000][PE] # candidate unique pairs for (FF, FR, RF, RR): (1, 64, 11, 0)
[0000][PE] skip orientation FF as there are not enough pairs
[0000][PE] analyzing insert size distribution for orientation FR...
[0000][PE] (25, 50, 75) percentile: (442, 544, 613)
[0000][PE] low and high boundaries for computing mean and std.dev: (100, 955)
[0000][PE] mean and std.dev: (526.97, 159.04)
[0000][PE] low and high boundaries for proper pairs: (1, 1163)
[0000][PE] analyzing insert size distribution for orientation RF...
[0000][PE] (25, 50, 75) percentile: (211, 245, 513)
[0000][PE] low and high boundaries for computing mean and std.dev: (1, 1117)
[0000][PE] mean and std.dev: (296.60, 162.99)
[0000][PE] low and high boundaries for proper pairs: (1, 1419)
[0000][PE] skip orientation RR as there are not enough pairs
[0000] 3. Calling kt_for - worker_sam
	[0000][ M::mem_process_seqs] Processed 6758 reads in 5.208 CPU sec, 5.406 real sec
[0000] Calling mem_process_seqs.., task: 249
[0000] 1. Calling kt_for - worker_bwt
[0000] read_chunk: 1000000, work_chunk_size: 1000184, nseq: 6758
	[0000][ M::kt_pipeline] read 6758 sequences (1000184 bp)...
[0000] 2. Calling kt_for - worker_aln
[0000] Inferring insert size distribution of PE reads from data, l_pac: 50818468, n: 6758
[0000][PE] # candidate unique pairs for (FF, FR, RF, RR): (0, 57, 6, 0)
[0000][PE] skip orientation FF as there are not enough pairs
[0000][PE] analyzing insert size distribution for orientation FR...
[0000][PE] (25, 50, 75) percentile: (234, 424, 656)
[0000][PE] low and high boundaries for computing mean and std.dev: (1, 1500)
[0000][PE] mean and std.dev: (441.39, 272.64)
[0000][PE] low and high boundaries for proper pairs: (1, 1922)
[0000][PE] skip orientation RF as there are not enough pairs
[0000][PE] skip orientation RR as there are not enough pairs
[0000] 3. Calling kt_for - worker_sam
	[0000][ M::mem_process_seqs] Processed 6758 reads in 4.265 CPU sec, 3.019 real sec
[0000] Calling mem_process_seqs.., task: 250
[0000] 1. Calling kt_for - worker_bwt
[0000] read_chunk: 1000000, work_chunk_size: 1000184, nseq: 6758
	[0000][ M::kt_pipeline] read 6758 sequences (1000184 bp)...
[0000] 2. Calling kt_for - worker_aln
[0000] Inferring insert size distribution of PE reads from data, l_pac: 50818468, n: 6758
[0000][PE] # candidate unique pairs for (FF, FR, RF, RR): (0, 62, 4, 0)
[0000][PE] skip orientation FF as there are not enough pairs
[0000][PE] analyzing insert size distribution for orientation FR...
[0000][PE] (25, 50, 75) percentile: (260, 527, 642)
[0000][PE] low and high boundaries for computing mean and std.dev: (1, 1406)
[0000][PE] mean and std.dev: (472.39, 223.18)
[0000][PE] low and high boundaries for proper pairs: (1, 1788)
[0000][PE] skip orientation RF as there are not enough pairs
[0000][PE] skip orientation RR as there are not enough pairs
[0000] 3. Calling kt_for - worker_sam
	[0000][ M::mem_process_seqs] Processed 6758 reads in 4.052 CPU sec, 4.164 real sec
[0000] Calling mem_process_seqs.., task: 251
[0000] 1. Calling kt_for - worker_bwt
[0000] read_chunk: 1000000, work_chunk_size: 1000184, nseq: 6758
	[0000][ M::kt_pipeline] read 6758 sequences (1000184 bp)...
[0000] 2. Calling kt_for - worker_aln
[0000] Inferring insert size distribution of PE reads from data, l_pac: 50818468, n: 6758
[0000][PE] # candidate unique pairs for (FF, FR, RF, RR): (0, 73, 1, 0)
[0000][PE] skip orientation FF as there are not enough pairs
[0000][PE] analyzing insert size distribution for orientation FR...
[0000][PE] (25, 50, 75) percentile: (371, 517, 692)
[0000][PE] low and high boundaries for computing mean and std.dev: (1, 1334)
[0000][PE] mean and std.dev: (516.01, 206.21)
[0000][PE] low and high boundaries for proper pairs: (1, 1655)
[0000][PE] skip orientation RF as there are not enough pairs
[0000][PE] skip orientation RR as there are not enough pairs
[0000] 3. Calling kt_for - worker_sam
	[0000][ M::mem_process_seqs] Processed 6758 reads in 4.074 CPU sec, 4.203 real sec
[0000] Calling mem_process_seqs.., task: 252
[0000] 1. Calling kt_for - worker_bwt
[0000] read_chunk: 1000000, work_chunk_size: 1000184, nseq: 6758
	[0000][ M::kt_pipeline] read 6758 sequences (1000184 bp)...
[0000] 2. Calling kt_for - worker_aln
[0000] Inferring insert size distribution of PE reads from data, l_pac: 50818468, n: 6758
[0000][PE] # candidate unique pairs for (FF, FR, RF, RR): (0, 68, 1, 0)
[0000][PE] skip orientation FF as there are not enough pairs
[0000][PE] analyzing insert size distribution for orientation FR...
[0000][PE] (25, 50, 75) percentile: (218, 539, 630)
[0000][PE] low and high boundaries for computing mean and std.dev: (1, 1454)
[0000][PE] mean and std.dev: (472.68, 228.33)
[0000][PE] low and high boundaries for proper pairs: (1, 1866)
[0000][PE] skip orientation RF as there are not enough pairs
[0000][PE] skip orientation RR as there are not enough pairs
[0000] 3. Calling kt_for - worker_sam
	[0000][ M::mem_process_seqs] Processed 6758 reads in 4.379 CPU sec, 4.521 real sec
[0000] Calling mem_process_seqs.., task: 253
[0000] 1. Calling kt_for - worker_bwt
[0000] read_chunk: 1000000, work_chunk_size: 1000184, nseq: 6758
	[0000][ M::kt_pipeline] read 6758 sequences (1000184 bp)...
[0000] 2. Calling kt_for - worker_aln
[0000] Inferring insert size distribution of PE reads from data, l_pac: 50818468, n: 6758
[0000][PE] # candidate unique pairs for (FF, FR, RF, RR): (0, 68, 5, 0)
[0000][PE] skip orientation FF as there are not enough pairs
[0000][PE] analyzing insert size distribution for orientation FR...
[0000][PE] (25, 50, 75) percentile: (304, 522, 589)
[0000][PE] low and high boundaries for computing mean and std.dev: (1, 1159)
[0000][PE] mean and std.dev: (457.53, 222.03)
[0000][PE] low and high boundaries for proper pairs: (1, 1444)
[0000][PE] skip orientation RF as there are not enough pairs
[0000][PE] skip orientation RR as there are not enough pairs
[0000] 3. Calling kt_for - worker_sam
	[0000][ M::mem_process_seqs] Processed 6758 reads in 4.012 CPU sec, 4.139 real sec
[0000] Calling mem_process_seqs.., task: 254
[0000] 1. Calling kt_for - worker_bwt
[0000] read_chunk: 1000000, work_chunk_size: 1000184, nseq: 6758
	[0000][ M::kt_pipeline] read 6758 sequences (1000184 bp)...
[0000] 2. Calling kt_for - worker_aln
[0000] Inferring insert size distribution of PE reads from data, l_pac: 50818468, n: 6758
[0000][PE] # candidate unique pairs for (FF, FR, RF, RR): (0, 59, 3, 0)
[0000][PE] skip orientation FF as there are not enough pairs
[0000][PE] analyzing insert size distribution for orientation FR...
[0000][PE] (25, 50, 75) percentile: (351, 525, 609)
[0000][PE] low and high boundaries for computing mean and std.dev: (1, 1125)
[0000][PE] mean and std.dev: (465.84, 201.47)
[0000][PE] low and high boundaries for proper pairs: (1, 1383)
[0000][PE] skip orientation RF as there are not enough pairs
[0000][PE] skip orientation RR as there are not enough pairs
[0000] 3. Calling kt_for - worker_sam
	[0000][ M::mem_process_seqs] Processed 6758 reads in 4.008 CPU sec, 4.126 real sec
[0000] Calling mem_process_seqs.., task: 255
[0000] 1. Calling kt_for - worker_bwt
[0000] read_chunk: 1000000, work_chunk_size: 1000184, nseq: 6758
	[0000][ M::kt_pipeline] read 6758 sequences (1000184 bp)...
[0000] 2. Calling kt_for - worker_aln
[0000] Inferring insert size distribution of PE reads from data, l_pac: 50818468, n: 6758
[0000][PE] # candidate unique pairs for (FF, FR, RF, RR): (0, 59, 2, 0)
[0000][PE] skip orientation FF as there are not enough pairs
[0000][PE] analyzing insert size distribution for orientation FR...
[0000][PE] (25, 50, 75) percentile: (356, 514, 574)
[0000][PE] low and high boundaries for computing mean and std.dev: (1, 1010)
[0000][PE] mean and std.dev: (452.56, 191.36)
[0000][PE] low and high boundaries for proper pairs: (1, 1228)
[0000][PE] skip orientation RF as there are not enough pairs
[0000][PE] skip orientation RR as there are not enough pairs
[0000] 3. Calling kt_for - worker_sam
	[0000][ M::mem_process_seqs] Processed 6758 reads in 3.956 CPU sec, 4.074 real sec
[0000] Calling mem_process_seqs.., task: 256
[0000] 1. Calling kt_for - worker_bwt
[0000] read_chunk: 1000000, work_chunk_size: 1000184, nseq: 6758
	[0000][ M::kt_pipeline] read 6758 sequences (1000184 bp)...
[0000] 2. Calling kt_for - worker_aln
[0000] Inferring insert size distribution of PE reads from data, l_pac: 50818468, n: 6758
[0000][PE] # candidate unique pairs for (FF, FR, RF, RR): (0, 72, 6, 0)
[0000][PE] skip orientation FF as there are not enough pairs
[0000][PE] analyzing insert size distribution for orientation FR...
[0000][PE] (25, 50, 75) percentile: (435, 538, 642)
[0000][PE] low and high boundaries for computing mean and std.dev: (21, 1056)
[0000][PE] mean and std.dev: (516.57, 198.87)
[0000][PE] low and high boundaries for proper pairs: (1, 1312)
[0000][PE] skip orientation RF as there are not enough pairs
[0000][PE] skip orientation RR as there are not enough pairs
[0000] 3. Calling kt_for - worker_sam
	[0000][ M::mem_process_seqs] Processed 6758 reads in 3.817 CPU sec, 3.934 real sec
[0000] Calling mem_process_seqs.., task: 257
[0000] 1. Calling kt_for - worker_bwt
[0000] read_chunk: 1000000, work_chunk_size: 1000184, nseq: 6758
	[0000][ M::kt_pipeline] read 6758 sequences (1000184 bp)...
[0000] 2. Calling kt_for - worker_aln
[0000] Inferring insert size distribution of PE reads from data, l_pac: 50818468, n: 6758
[0000][PE] # candidate unique pairs for (FF, FR, RF, RR): (0, 69, 8, 0)
[0000][PE] skip orientation FF as there are not enough pairs
[0000][PE] analyzing insert size distribution for orientation FR...
[0000][PE] (25, 50, 75) percentile: (405, 533, 685)
[0000][PE] low and high boundaries for computing mean and std.dev: (1, 1245)
[0000][PE] mean and std.dev: (524.47, 199.82)
[0000][PE] low and high boundaries for proper pairs: (1, 1525)
[0000][PE] skip orientation RF as there are not enough pairs
[0000][PE] skip orientation RR as there are not enough pairs
[0000] 3. Calling kt_for - worker_sam
	[0000][ M::mem_process_seqs] Processed 6758 reads in 4.113 CPU sec, 2.910 real sec
[0000] Calling mem_process_seqs.., task: 258
[0000] 1. Calling kt_for - worker_bwt
[0000] read_chunk: 1000000, work_chunk_size: 1000184, nseq: 6758
	[0000][ M::kt_pipeline] read 6758 sequences (1000184 bp)...
[0000] 2. Calling kt_for - worker_aln
[0000] Inferring insert size distribution of PE reads from data, l_pac: 50818468, n: 6758
[0000][PE] # candidate unique pairs for (FF, FR, RF, RR): (0, 55, 1, 0)
[0000][PE] skip orientation FF as there are not enough pairs
[0000][PE] analyzing insert size distribution for orientation FR...
[0000][PE] (25, 50, 75) percentile: (422, 531, 662)
[0000][PE] low and high boundaries for computing mean and std.dev: (1, 1142)
[0000][PE] mean and std.dev: (497.89, 229.49)
[0000][PE] low and high boundaries for proper pairs: (1, 1416)
[0000][PE] skip orientation RF as there are not enough pairs
[0000][PE] skip orientation RR as there are not enough pairs
[0000] 3. Calling kt_for - worker_sam
	[0000][ M::mem_process_seqs] Processed 6758 reads in 4.369 CPU sec, 4.512 real sec
[0000] Calling mem_process_seqs.., task: 259
[0000] 1. Calling kt_for - worker_bwt
[0000] read_chunk: 1000000, work_chunk_size: 1000184, nseq: 6758
	[0000][ M::kt_pipeline] read 6758 sequences (1000184 bp)...
[0000] 2. Calling kt_for - worker_aln
[0000] Inferring insert size distribution of PE reads from data, l_pac: 50818468, n: 6758
[0000][PE] # candidate unique pairs for (FF, FR, RF, RR): (0, 75, 4, 0)
[0000][PE] skip orientation FF as there are not enough pairs
[0000][PE] analyzing insert size distribution for orientation FR...
[0000][PE] (25, 50, 75) percentile: (347, 485, 631)
[0000][PE] low and high boundaries for computing mean and std.dev: (1, 1199)
[0000][PE] mean and std.dev: (487.80, 256.68)
[0000][PE] low and high boundaries for proper pairs: (1, 1515)
[0000][PE] skip orientation RF as there are not enough pairs
[0000][PE] skip orientation RR as there are not enough pairs
[0000] 3. Calling kt_for - worker_sam
	[0000][ M::mem_process_seqs] Processed 6758 reads in 4.312 CPU sec, 4.422 real sec
[0000] Calling mem_process_seqs.., task: 260
[0000] 1. Calling kt_for - worker_bwt
[0000] read_chunk: 1000000, work_chunk_size: 1000184, nseq: 6758
	[0000][ M::kt_pipeline] read 6758 sequences (1000184 bp)...
[0000] 2. Calling kt_for - worker_aln
[0000] Inferring insert size distribution of PE reads from data, l_pac: 50818468, n: 6758
[0000][PE] # candidate unique pairs for (FF, FR, RF, RR): (0, 62, 9, 0)
[0000][PE] skip orientation FF as there are not enough pairs
[0000][PE] analyzing insert size distribution for orientation FR...
[0000][PE] (25, 50, 75) percentile: (362, 492, 619)
[0000][PE] low and high boundaries for computing mean and std.dev: (1, 1133)
[0000][PE] mean and std.dev: (475.41, 209.37)
[0000][PE] low and high boundaries for proper pairs: (1, 1390)
[0000][PE] skip orientation RF as there are not enough pairs
[0000][PE] skip orientation RR as there are not enough pairs
[0000] 3. Calling kt_for - worker_sam
	[0000][ M::mem_process_seqs] Processed 6758 reads in 4.007 CPU sec, 4.131 real sec
[0000] Calling mem_process_seqs.., task: 261
[0000] 1. Calling kt_for - worker_bwt
[0000] read_chunk: 1000000, work_chunk_size: 1000184, nseq: 6758
	[0000][ M::kt_pipeline] read 6758 sequences (1000184 bp)...
[0000] 2. Calling kt_for - worker_aln
[0000] Inferring insert size distribution of PE reads from data, l_pac: 50818468, n: 6758
[0000][PE] # candidate unique pairs for (FF, FR, RF, RR): (0, 53, 9, 0)
[0000][PE] skip orientation FF as there are not enough pairs
[0000][PE] analyzing insert size distribution for orientation FR...
[0000][PE] (25, 50, 75) percentile: (262, 467, 637)
[0000][PE] low and high boundaries for computing mean and std.dev: (1, 1387)
[0000][PE] mean and std.dev: (467.81, 249.66)
[0000][PE] low and high boundaries for proper pairs: (1, 1762)
[0000][PE] skip orientation RF as there are not enough pairs
[0000][PE] skip orientation RR as there are not enough pairs
[0000] 3. Calling kt_for - worker_sam
	[0000][ M::mem_process_seqs] Processed 6758 reads in 3.793 CPU sec, 3.923 real sec
[0000] Calling mem_process_seqs.., task: 262
[0000] 1. Calling kt_for - worker_bwt
[0000] read_chunk: 1000000, work_chunk_size: 1000184, nseq: 6758
	[0000][ M::kt_pipeline] read 6758 sequences (1000184 bp)...
[0000] 2. Calling kt_for - worker_aln
[0000] Inferring insert size distribution of PE reads from data, l_pac: 50818468, n: 6758
[0000][PE] # candidate unique pairs for (FF, FR, RF, RR): (0, 68, 6, 0)
[0000][PE] skip orientation FF as there are not enough pairs
[0000][PE] analyzing insert size distribution for orientation FR...
[0000][PE] (25, 50, 75) percentile: (330, 531, 683)
[0000][PE] low and high boundaries for computing mean and std.dev: (1, 1389)
[0000][PE] mean and std.dev: (483.99, 227.80)
[0000][PE] low and high boundaries for proper pairs: (1, 1742)
[0000][PE] skip orientation RF as there are not enough pairs
[0000][PE] skip orientation RR as there are not enough pairs
[0000] 3. Calling kt_for - worker_sam
	[0000][ M::mem_process_seqs] Processed 6758 reads in 4.266 CPU sec, 4.390 real sec
[0000] Calling mem_process_seqs.., task: 263
[0000] 1. Calling kt_for - worker_bwt
[0000] read_chunk: 1000000, work_chunk_size: 1000184, nseq: 6758
	[0000][ M::kt_pipeline] read 6758 sequences (1000184 bp)...
[0000] 2. Calling kt_for - worker_aln
[0000] Inferring insert size distribution of PE reads from data, l_pac: 50818468, n: 6758
[0000][PE] # candidate unique pairs for (FF, FR, RF, RR): (0, 65, 3, 0)
[0000][PE] skip orientation FF as there are not enough pairs
[0000][PE] analyzing insert size distribution for orientation FR...
[0000][PE] (25, 50, 75) percentile: (315, 539, 662)
[0000][PE] low and high boundaries for computing mean and std.dev: (1, 1356)
[0000][PE] mean and std.dev: (494.60, 225.39)
[0000][PE] low and high boundaries for proper pairs: (1, 1703)
[0000][PE] skip orientation RF as there are not enough pairs
[0000][PE] skip orientation RR as there are not enough pairs
[0000] 3. Calling kt_for - worker_sam
	[0000][ M::mem_process_seqs] Processed 6758 reads in 4.629 CPU sec, 4.776 real sec
[0000] Calling mem_process_seqs.., task: 264
[0000] 1. Calling kt_for - worker_bwt
[0000] read_chunk: 1000000, work_chunk_size: 1000184, nseq: 6758
	[0000][ M::kt_pipeline] read 6758 sequences (1000184 bp)...
[0000] 2. Calling kt_for - worker_aln
[0000] Inferring insert size distribution of PE reads from data, l_pac: 50818468, n: 6758
[0000][PE] # candidate unique pairs for (FF, FR, RF, RR): (0, 56, 5, 0)
[0000][PE] skip orientation FF as there are not enough pairs
[0000][PE] analyzing insert size distribution for orientation FR...
[0000][PE] (25, 50, 75) percentile: (429, 530, 671)
[0000][PE] low and high boundaries for computing mean and std.dev: (1, 1155)
[0000][PE] mean and std.dev: (507.02, 217.26)
[0000][PE] low and high boundaries for proper pairs: (1, 1397)
[0000][PE] skip orientation RF as there are not enough pairs
[0000][PE] skip orientation RR as there are not enough pairs
[0000] 3. Calling kt_for - worker_sam
	[0000][ M::mem_process_seqs] Processed 6758 reads in 3.829 CPU sec, 3.941 real sec
[0000] Calling mem_process_seqs.., task: 265
[0000] 1. Calling kt_for - worker_bwt
[0000] read_chunk: 1000000, work_chunk_size: 1000184, nseq: 6758
	[0000][ M::kt_pipeline] read 6758 sequences (1000184 bp)...
[0000] 2. Calling kt_for - worker_aln
[0000] Inferring insert size distribution of PE reads from data, l_pac: 50818468, n: 6758
[0000][PE] # candidate unique pairs for (FF, FR, RF, RR): (0, 62, 8, 0)
[0000][PE] skip orientation FF as there are not enough pairs
[0000][PE] analyzing insert size distribution for orientation FR...
[0000][PE] (25, 50, 75) percentile: (264, 425, 553)
[0000][PE] low and high boundaries for computing mean and std.dev: (1, 1131)
[0000][PE] mean and std.dev: (420.08, 212.94)
[0000][PE] low and high boundaries for proper pairs: (1, 1420)
[0000][PE] skip orientation RF as there are not enough pairs
[0000][PE] skip orientation RR as there are not enough pairs
[0000] 3. Calling kt_for - worker_sam
	[0000][ M::mem_process_seqs] Processed 6758 reads in 3.817 CPU sec, 2.589 real sec
[0000] Calling mem_process_seqs.., task: 266
[0000] 1. Calling kt_for - worker_bwt
[0000] read_chunk: 1000000, work_chunk_size: 1000184, nseq: 6758
	[0000][ M::kt_pipeline] read 6758 sequences (1000184 bp)...
[0000] 2. Calling kt_for - worker_aln
[0000] Inferring insert size distribution of PE reads from data, l_pac: 50818468, n: 6758
[0000][PE] # candidate unique pairs for (FF, FR, RF, RR): (0, 66, 6, 0)
[0000][PE] skip orientation FF as there are not enough pairs
[0000][PE] analyzing insert size distribution for orientation FR...
[0000][PE] (25, 50, 75) percentile: (300, 482, 622)
[0000][PE] low and high boundaries for computing mean and std.dev: (1, 1266)
[0000][PE] mean and std.dev: (457.62, 224.42)
[0000][PE] low and high boundaries for proper pairs: (1, 1588)
[0000][PE] skip orientation RF as there are not enough pairs
[0000][PE] skip orientation RR as there are not enough pairs
[0000] 3. Calling kt_for - worker_sam
	[0000][ M::mem_process_seqs] Processed 6758 reads in 4.042 CPU sec, 4.162 real sec
[0000] Calling mem_process_seqs.., task: 267
[0000] 1. Calling kt_for - worker_bwt
[0000] read_chunk: 1000000, work_chunk_size: 1000184, nseq: 6758
	[0000][ M::kt_pipeline] read 6758 sequences (1000184 bp)...
[0000] 2. Calling kt_for - worker_aln
[0000] Inferring insert size distribution of PE reads from data, l_pac: 50818468, n: 6758
[0000][PE] # candidate unique pairs for (FF, FR, RF, RR): (0, 50, 4, 0)
[0000][PE] skip orientation FF as there are not enough pairs
[0000][PE] analyzing insert size distribution for orientation FR...
[0000][PE] (25, 50, 75) percentile: (408, 529, 605)
[0000][PE] low and high boundaries for computing mean and std.dev: (14, 999)
[0000][PE] mean and std.dev: (485.10, 172.44)
[0000][PE] low and high boundaries for proper pairs: (1, 1196)
[0000][PE] skip orientation RF as there are not enough pairs
[0000][PE] skip orientation RR as there are not enough pairs
[0000] 3. Calling kt_for - worker_sam
	[0000][ M::mem_process_seqs] Processed 6758 reads in 3.875 CPU sec, 4.011 real sec
[0000] Calling mem_process_seqs.., task: 268
[0000] 1. Calling kt_for - worker_bwt
[0000] read_chunk: 1000000, work_chunk_size: 1000184, nseq: 6758
	[0000][ M::kt_pipeline] read 6758 sequences (1000184 bp)...
[0000] 2. Calling kt_for - worker_aln
[0000] Inferring insert size distribution of PE reads from data, l_pac: 50818468, n: 6758
[0000][PE] # candidate unique pairs for (FF, FR, RF, RR): (0, 58, 5, 0)
[0000][PE] skip orientation FF as there are not enough pairs
[0000][PE] analyzing insert size distribution for orientation FR...
[0000][PE] (25, 50, 75) percentile: (278, 500, 589)
[0000][PE] low and high boundaries for computing mean and std.dev: (1, 1211)
[0000][PE] mean and std.dev: (451.62, 215.35)
[0000][PE] low and high boundaries for proper pairs: (1, 1522)
[0000][PE] skip orientation RF as there are not enough pairs
[0000][PE] skip orientation RR as there are not enough pairs
[0000] 3. Calling kt_for - worker_sam
	[0000][ M::mem_process_seqs] Processed 6758 reads in 4.079 CPU sec, 4.220 real sec
[0000] Calling mem_process_seqs.., task: 269
[0000] 1. Calling kt_for - worker_bwt
[0000] 2. Calling kt_for - worker_aln
[0000] read_chunk: 1000000, work_chunk_size: 1000184, nseq: 6758
	[0000][ M::kt_pipeline] read 6758 sequences (1000184 bp)...
[0000] Inferring insert size distribution of PE reads from data, l_pac: 50818468, n: 6758
[0000][PE] # candidate unique pairs for (FF, FR, RF, RR): (0, 56, 4, 1)
[0000][PE] skip orientation FF as there are not enough pairs
[0000][PE] analyzing insert size distribution for orientation FR...
[0000][PE] (25, 50, 75) percentile: (398, 517, 655)
[0000][PE] low and high boundaries for computing mean and std.dev: (1, 1169)
[0000][PE] mean and std.dev: (511.89, 194.43)
[0000][PE] low and high boundaries for proper pairs: (1, 1426)
[0000][PE] skip orientation RF as there are not enough pairs
[0000][PE] skip orientation RR as there are not enough pairs
[0000] 3. Calling kt_for - worker_sam
	[0000][ M::mem_process_seqs] Processed 6758 reads in 5.106 CPU sec, 5.288 real sec
[0000] Calling mem_process_seqs.., task: 270
[0000] 1. Calling kt_for - worker_bwt
[0000] read_chunk: 1000000, work_chunk_size: 1000184, nseq: 6758
	[0000][ M::kt_pipeline] read 6758 sequences (1000184 bp)...
[0000] 2. Calling kt_for - worker_aln
[0000] Inferring insert size distribution of PE reads from data, l_pac: 50818468, n: 6758
[0000][PE] # candidate unique pairs for (FF, FR, RF, RR): (0, 66, 8, 0)
[0000][PE] skip orientation FF as there are not enough pairs
[0000][PE] analyzing insert size distribution for orientation FR...
[0000][PE] (25, 50, 75) percentile: (359, 501, 619)
[0000][PE] low and high boundaries for computing mean and std.dev: (1, 1139)
[0000][PE] mean and std.dev: (470.80, 190.23)
[0000][PE] low and high boundaries for proper pairs: (1, 1399)
[0000][PE] skip orientation RF as there are not enough pairs
[0000][PE] skip orientation RR as there are not enough pairs
[0000] 3. Calling kt_for - worker_sam
	[0000][ M::mem_process_seqs] Processed 6758 reads in 4.817 CPU sec, 4.984 real sec
[0000] Calling mem_process_seqs.., task: 271
[0000] 1. Calling kt_for - worker_bwt
[0000] read_chunk: 1000000, work_chunk_size: 1000184, nseq: 6758
	[0000][ M::kt_pipeline] read 6758 sequences (1000184 bp)...
[0000] 2. Calling kt_for - worker_aln
[0000] Inferring insert size distribution of PE reads from data, l_pac: 50818468, n: 6758
[0000][PE] # candidate unique pairs for (FF, FR, RF, RR): (1, 65, 0, 0)
[0000][PE] skip orientation FF as there are not enough pairs
[0000][PE] analyzing insert size distribution for orientation FR...
[0000][PE] (25, 50, 75) percentile: (412, 544, 637)
[0000][PE] low and high boundaries for computing mean and std.dev: (1, 1087)
[0000][PE] mean and std.dev: (491.26, 197.01)
[0000][PE] low and high boundaries for proper pairs: (1, 1312)
[0000][PE] skip orientation RF as there are not enough pairs
[0000][PE] skip orientation RR as there are not enough pairs
[0000] 3. Calling kt_for - worker_sam
	[0000][ M::mem_process_seqs] Processed 6758 reads in 3.890 CPU sec, 4.013 real sec
[0000] Calling mem_process_seqs.., task: 272
[0000] 1. Calling kt_for - worker_bwt
[0000] read_chunk: 1000000, work_chunk_size: 1000184, nseq: 6758
	[0000][ M::kt_pipeline] read 6758 sequences (1000184 bp)...
[0000] 2. Calling kt_for - worker_aln
[0000] Inferring insert size distribution of PE reads from data, l_pac: 50818468, n: 6758
[0000][PE] # candidate unique pairs for (FF, FR, RF, RR): (0, 62, 3, 0)
[0000][PE] skip orientation FF as there are not enough pairs
[0000][PE] analyzing insert size distribution for orientation FR...
[0000][PE] (25, 50, 75) percentile: (342, 463, 626)
[0000][PE] low and high boundaries for computing mean and std.dev: (1, 1194)
[0000][PE] mean and std.dev: (466.93, 208.99)
[0000][PE] low and high boundaries for proper pairs: (1, 1478)
[0000][PE] skip orientation RF as there are not enough pairs
[0000][PE] skip orientation RR as there are not enough pairs
[0000] 3. Calling kt_for - worker_sam
	[0000][ M::mem_process_seqs] Processed 6758 reads in 3.870 CPU sec, 2.577 real sec
[0000] Calling mem_process_seqs.., task: 273
[0000] 1. Calling kt_for - worker_bwt
[0000] read_chunk: 1000000, work_chunk_size: 1000184, nseq: 6758
	[0000][ M::kt_pipeline] read 6758 sequences (1000184 bp)...
[0000] 2. Calling kt_for - worker_aln
[0000] Inferring insert size distribution of PE reads from data, l_pac: 50818468, n: 6758
[0000][PE] # candidate unique pairs for (FF, FR, RF, RR): (0, 63, 8, 0)
[0000][PE] skip orientation FF as there are not enough pairs
[0000][PE] analyzing insert size distribution for orientation FR...
[0000][PE] (25, 50, 75) percentile: (314, 519, 618)
[0000][PE] low and high boundaries for computing mean and std.dev: (1, 1226)
[0000][PE] mean and std.dev: (455.16, 219.42)
[0000][PE] low and high boundaries for proper pairs: (1, 1530)
[0000][PE] skip orientation RF as there are not enough pairs
[0000][PE] skip orientation RR as there are not enough pairs
[0000] 3. Calling kt_for - worker_sam
	[0000][ M::mem_process_seqs] Processed 6758 reads in 4.231 CPU sec, 4.368 real sec
[0000] Calling mem_process_seqs.., task: 274
[0000] 1. Calling kt_for - worker_bwt
[0000] read_chunk: 1000000, work_chunk_size: 1000184, nseq: 6758
	[0000][ M::kt_pipeline] read 6758 sequences (1000184 bp)...
[0000] 2. Calling kt_for - worker_aln
[0000] Inferring insert size distribution of PE reads from data, l_pac: 50818468, n: 6758
[0000][PE] # candidate unique pairs for (FF, FR, RF, RR): (0, 59, 6, 1)
[0000][PE] skip orientation FF as there are not enough pairs
[0000][PE] analyzing insert size distribution for orientation FR...
[0000][PE] (25, 50, 75) percentile: (396, 528, 639)
[0000][PE] low and high boundaries for computing mean and std.dev: (1, 1125)
[0000][PE] mean and std.dev: (500.36, 212.06)
[0000][PE] low and high boundaries for proper pairs: (1, 1368)
[0000][PE] skip orientation RF as there are not enough pairs
[0000][PE] skip orientation RR as there are not enough pairs
[0000] 3. Calling kt_for - worker_sam
	[0000][ M::mem_process_seqs] Processed 6758 reads in 3.905 CPU sec, 4.025 real sec
[0000] Calling mem_process_seqs.., task: 275
[0000] 1. Calling kt_for - worker_bwt
[0000] read_chunk: 1000000, work_chunk_size: 1000184, nseq: 6758
	[0000][ M::kt_pipeline] read 6758 sequences (1000184 bp)...
[0000] 2. Calling kt_for - worker_aln
[0000] Inferring insert size distribution of PE reads from data, l_pac: 50818468, n: 6758
[0000][PE] # candidate unique pairs for (FF, FR, RF, RR): (0, 76, 4, 0)
[0000][PE] skip orientation FF as there are not enough pairs
[0000][PE] analyzing insert size distribution for orientation FR...
[0000][PE] (25, 50, 75) percentile: (384, 526, 589)
[0000][PE] low and high boundaries for computing mean and std.dev: (1, 999)
[0000][PE] mean and std.dev: (484.72, 200.99)
[0000][PE] low and high boundaries for proper pairs: (1, 1289)
[0000][PE] skip orientation RF as there are not enough pairs
[0000][PE] skip orientation RR as there are not enough pairs
[0000] 3. Calling kt_for - worker_sam
	[0000][ M::mem_process_seqs] Processed 6758 reads in 3.924 CPU sec, 4.035 real sec
[0000] Calling mem_process_seqs.., task: 276
[0000] 1. Calling kt_for - worker_bwt
[0000] read_chunk: 1000000, work_chunk_size: 1000184, nseq: 6758
	[0000][ M::kt_pipeline] read 6758 sequences (1000184 bp)...
[0000] 2. Calling kt_for - worker_aln
[0000] Inferring insert size distribution of PE reads from data, l_pac: 50818468, n: 6758
[0000][PE] # candidate unique pairs for (FF, FR, RF, RR): (0, 65, 9, 0)
[0000][PE] skip orientation FF as there are not enough pairs
[0000][PE] analyzing insert size distribution for orientation FR...
[0000][PE] (25, 50, 75) percentile: (385, 521, 632)
[0000][PE] low and high boundaries for computing mean and std.dev: (1, 1126)
[0000][PE] mean and std.dev: (490.42, 211.67)
[0000][PE] low and high boundaries for proper pairs: (1, 1373)
[0000][PE] skip orientation RF as there are not enough pairs
[0000][PE] skip orientation RR as there are not enough pairs
[0000] 3. Calling kt_for - worker_sam
	[0000][ M::mem_process_seqs] Processed 6758 reads in 3.907 CPU sec, 4.016 real sec
[0000] Calling mem_process_seqs.., task: 277
[0000] 1. Calling kt_for - worker_bwt
[0000] read_chunk: 1000000, work_chunk_size: 1000184, nseq: 6758
	[0000][ M::kt_pipeline] read 6758 sequences (1000184 bp)...
[0000] 2. Calling kt_for - worker_aln
[0000] Inferring insert size distribution of PE reads from data, l_pac: 50818468, n: 6758
[0000][PE] # candidate unique pairs for (FF, FR, RF, RR): (0, 70, 4, 0)
[0000][PE] skip orientation FF as there are not enough pairs
[0000][PE] analyzing insert size distribution for orientation FR...
[0000][PE] (25, 50, 75) percentile: (283, 437, 568)
[0000][PE] low and high boundaries for computing mean and std.dev: (1, 1138)
[0000][PE] mean and std.dev: (434.81, 217.97)
[0000][PE] low and high boundaries for proper pairs: (1, 1423)
[0000][PE] skip orientation RF as there are not enough pairs
[0000][PE] skip orientation RR as there are not enough pairs
[0000] 3. Calling kt_for - worker_sam
	[0000][ M::mem_process_seqs] Processed 6758 reads in 4.008 CPU sec, 4.130 real sec
[0000] Calling mem_process_seqs.., task: 278
[0000] 1. Calling kt_for - worker_bwt
[0000] read_chunk: 1000000, work_chunk_size: 1000184, nseq: 6758
	[0000][ M::kt_pipeline] read 6758 sequences (1000184 bp)...
[0000] 2. Calling kt_for - worker_aln
[0000] Inferring insert size distribution of PE reads from data, l_pac: 50818468, n: 6758
[0000][PE] # candidate unique pairs for (FF, FR, RF, RR): (0, 56, 6, 0)
[0000][PE] skip orientation FF as there are not enough pairs
[0000][PE] analyzing insert size distribution for orientation FR...
[0000][PE] (25, 50, 75) percentile: (420, 518, 616)
[0000][PE] low and high boundaries for computing mean and std.dev: (28, 1008)
[0000][PE] mean and std.dev: (485.16, 179.89)
[0000][PE] low and high boundaries for proper pairs: (1, 1205)
[0000][PE] skip orientation RF as there are not enough pairs
[0000][PE] skip orientation RR as there are not enough pairs
[0000] 3. Calling kt_for - worker_sam
	[0000][ M::mem_process_seqs] Processed 6758 reads in 3.901 CPU sec, 4.002 real sec
[0000] Calling mem_process_seqs.., task: 279
[0000] 1. Calling kt_for - worker_bwt
[0000] read_chunk: 1000000, work_chunk_size: 1000184, nseq: 6758
	[0000][ M::kt_pipeline] read 6758 sequences (1000184 bp)...
[0000] 2. Calling kt_for - worker_aln
[0000] Inferring insert size distribution of PE reads from data, l_pac: 50818468, n: 6758
[0000][PE] # candidate unique pairs for (FF, FR, RF, RR): (0, 49, 6, 0)
[0000][PE] skip orientation FF as there are not enough pairs
[0000][PE] analyzing insert size distribution for orientation FR...
[0000][PE] (25, 50, 75) percentile: (344, 533, 591)
[0000][PE] low and high boundaries for computing mean and std.dev: (1, 1085)
[0000][PE] mean and std.dev: (460.12, 193.14)
[0000][PE] low and high boundaries for proper pairs: (1, 1332)
[0000][PE] skip orientation RF as there are not enough pairs
[0000][PE] skip orientation RR as there are not enough pairs
[0000] 3. Calling kt_for - worker_sam
	[0000][ M::mem_process_seqs] Processed 6758 reads in 3.697 CPU sec, 3.788 real sec
[0000] Calling mem_process_seqs.., task: 280
[0000] 1. Calling kt_for - worker_bwt
[0000] read_chunk: 1000000, work_chunk_size: 1000184, nseq: 6758
	[0000][ M::kt_pipeline] read 6758 sequences (1000184 bp)...
[0000] 2. Calling kt_for - worker_aln
[0000] Inferring insert size distribution of PE reads from data, l_pac: 50818468, n: 6758
[0000][PE] # candidate unique pairs for (FF, FR, RF, RR): (0, 69, 3, 1)
[0000][PE] skip orientation FF as there are not enough pairs
[0000][PE] analyzing insert size distribution for orientation FR...
[0000][PE] (25, 50, 75) percentile: (369, 469, 595)
[0000][PE] low and high boundaries for computing mean and std.dev: (1, 1047)
[0000][PE] mean and std.dev: (460.43, 202.37)
[0000][PE] low and high boundaries for proper pairs: (1, 1273)
[0000][PE] skip orientation RF as there are not enough pairs
[0000][PE] skip orientation RR as there are not enough pairs
[0000] 3. Calling kt_for - worker_sam
	[0000][ M::mem_process_seqs] Processed 6758 reads in 5.202 CPU sec, 4.000 real sec
[0000] Calling mem_process_seqs.., task: 281
[0000] 1. Calling kt_for - worker_bwt
[0000] read_chunk: 1000000, work_chunk_size: 1000184, nseq: 6758
	[0000][ M::kt_pipeline] read 6758 sequences (1000184 bp)...
[0000] 2. Calling kt_for - worker_aln
[0000] Inferring insert size distribution of PE reads from data, l_pac: 50818468, n: 6758
[0000][PE] # candidate unique pairs for (FF, FR, RF, RR): (0, 55, 3, 0)
[0000][PE] skip orientation FF as there are not enough pairs
[0000][PE] analyzing insert size distribution for orientation FR...
[0000][PE] (25, 50, 75) percentile: (373, 554, 629)
[0000][PE] low and high boundaries for computing mean and std.dev: (1, 1141)
[0000][PE] mean and std.dev: (488.51, 198.46)
[0000][PE] low and high boundaries for proper pairs: (1, 1397)
[0000][PE] skip orientation RF as there are not enough pairs
[0000][PE] skip orientation RR as there are not enough pairs
[0000] 3. Calling kt_for - worker_sam
	[0000][ M::mem_process_seqs] Processed 6758 reads in 4.204 CPU sec, 4.319 real sec
[0000] Calling mem_process_seqs.., task: 282
[0000] 1. Calling kt_for - worker_bwt
[0000] read_chunk: 1000000, work_chunk_size: 1000184, nseq: 6758
	[0000][ M::kt_pipeline] read 6758 sequences (1000184 bp)...
[0000] 2. Calling kt_for - worker_aln
[0000] Inferring insert size distribution of PE reads from data, l_pac: 50818468, n: 6758
[0000][PE] # candidate unique pairs for (FF, FR, RF, RR): (0, 61, 3, 0)
[0000][PE] skip orientation FF as there are not enough pairs
[0000][PE] analyzing insert size distribution for orientation FR...
[0000][PE] (25, 50, 75) percentile: (438, 565, 715)
[0000][PE] low and high boundaries for computing mean and std.dev: (1, 1269)
[0000][PE] mean and std.dev: (540.18, 216.97)
[0000][PE] low and high boundaries for proper pairs: (1, 1546)
[0000][PE] skip orientation RF as there are not enough pairs
[0000][PE] skip orientation RR as there are not enough pairs
[0000] 3. Calling kt_for - worker_sam
	[0000][ M::mem_process_seqs] Processed 6758 reads in 4.286 CPU sec, 4.436 real sec
[0000] Calling mem_process_seqs.., task: 283
[0000] 1. Calling kt_for - worker_bwt
[0000] read_chunk: 1000000, work_chunk_size: 1000184, nseq: 6758
	[0000][ M::kt_pipeline] read 6758 sequences (1000184 bp)...
[0000] 2. Calling kt_for - worker_aln
[0000] Inferring insert size distribution of PE reads from data, l_pac: 50818468, n: 6758
[0000][PE] # candidate unique pairs for (FF, FR, RF, RR): (0, 61, 4, 0)
[0000][PE] skip orientation FF as there are not enough pairs
[0000][PE] analyzing insert size distribution for orientation FR...
[0000][PE] (25, 50, 75) percentile: (328, 495, 618)
[0000][PE] low and high boundaries for computing mean and std.dev: (1, 1198)
[0000][PE] mean and std.dev: (477.15, 220.24)
[0000][PE] low and high boundaries for proper pairs: (1, 1488)
[0000][PE] skip orientation RF as there are not enough pairs
[0000][PE] skip orientation RR as there are not enough pairs
[0000] 3. Calling kt_for - worker_sam
	[0000][ M::mem_process_seqs] Processed 6758 reads in 4.194 CPU sec, 4.306 real sec
[0000] Calling mem_process_seqs.., task: 284
[0000] 1. Calling kt_for - worker_bwt
[0000] read_chunk: 1000000, work_chunk_size: 1000184, nseq: 6758
	[0000][ M::kt_pipeline] read 6758 sequences (1000184 bp)...
[0000] 2. Calling kt_for - worker_aln
[0000] Inferring insert size distribution of PE reads from data, l_pac: 50818468, n: 6758
[0000][PE] # candidate unique pairs for (FF, FR, RF, RR): (0, 53, 4, 0)
[0000][PE] skip orientation FF as there are not enough pairs
[0000][PE] analyzing insert size distribution for orientation FR...
[0000][PE] (25, 50, 75) percentile: (430, 544, 751)
[0000][PE] low and high boundaries for computing mean and std.dev: (1, 1393)
[0000][PE] mean and std.dev: (549.88, 212.87)
[0000][PE] low and high boundaries for proper pairs: (1, 1714)
[0000][PE] skip orientation RF as there are not enough pairs
[0000][PE] skip orientation RR as there are not enough pairs
[0000] 3. Calling kt_for - worker_sam
	[0000][ M::mem_process_seqs] Processed 6758 reads in 4.322 CPU sec, 4.480 real sec
[0000] Calling mem_process_seqs.., task: 285
[0000] 1. Calling kt_for - worker_bwt
[0000] read_chunk: 1000000, work_chunk_size: 1000184, nseq: 6758
	[0000][ M::kt_pipeline] read 6758 sequences (1000184 bp)...
[0000] 2. Calling kt_for - worker_aln
[0000] Inferring insert size distribution of PE reads from data, l_pac: 50818468, n: 6758
[0000][PE] # candidate unique pairs for (FF, FR, RF, RR): (0, 68, 4, 0)
[0000][PE] skip orientation FF as there are not enough pairs
[0000][PE] analyzing insert size distribution for orientation FR...
[0000][PE] (25, 50, 75) percentile: (389, 541, 674)
[0000][PE] low and high boundaries for computing mean and std.dev: (1, 1244)
[0000][PE] mean and std.dev: (508.72, 225.26)
[0000][PE] low and high boundaries for proper pairs: (1, 1529)
[0000][PE] skip orientation RF as there are not enough pairs
[0000][PE] skip orientation RR as there are not enough pairs
[0000] 3. Calling kt_for - worker_sam
	[0000][ M::mem_process_seqs] Processed 6758 reads in 4.164 CPU sec, 4.300 real sec
[0000] Calling mem_process_seqs.., task: 286
[0000] 1. Calling kt_for - worker_bwt
[0000] read_chunk: 1000000, work_chunk_size: 1000184, nseq: 6758
	[0000][ M::kt_pipeline] read 6758 sequences (1000184 bp)...
[0000] 2. Calling kt_for - worker_aln
[0000] Inferring insert size distribution of PE reads from data, l_pac: 50818468, n: 6758
[0000][PE] # candidate unique pairs for (FF, FR, RF, RR): (0, 60, 3, 0)
[0000][PE] skip orientation FF as there are not enough pairs
[0000][PE] analyzing insert size distribution for orientation FR...
[0000][PE] (25, 50, 75) percentile: (360, 502, 611)
[0000][PE] low and high boundaries for computing mean and std.dev: (1, 1113)
[0000][PE] mean and std.dev: (468.12, 209.69)
[0000][PE] low and high boundaries for proper pairs: (1, 1364)
[0000][PE] skip orientation RF as there are not enough pairs
[0000][PE] skip orientation RR as there are not enough pairs
[0000] 3. Calling kt_for - worker_sam
	[0000][ M::mem_process_seqs] Processed 6758 reads in 3.943 CPU sec, 4.070 real sec
[0000] Calling mem_process_seqs.., task: 287
[0000] 1. Calling kt_for - worker_bwt
[0000] read_chunk: 1000000, work_chunk_size: 1000184, nseq: 6758
	[0000][ M::kt_pipeline] read 6758 sequences (1000184 bp)...
[0000] 2. Calling kt_for - worker_aln
[0000] Inferring insert size distribution of PE reads from data, l_pac: 50818468, n: 6758
[0000][PE] # candidate unique pairs for (FF, FR, RF, RR): (0, 67, 6, 0)
[0000][PE] skip orientation FF as there are not enough pairs
[0000][PE] analyzing insert size distribution for orientation FR...
[0000][PE] (25, 50, 75) percentile: (405, 527, 659)
[0000][PE] low and high boundaries for computing mean and std.dev: (1, 1167)
[0000][PE] mean and std.dev: (508.13, 217.31)
[0000][PE] low and high boundaries for proper pairs: (1, 1421)
[0000][PE] skip orientation RF as there are not enough pairs
[0000][PE] skip orientation RR as there are not enough pairs
[0000] 3. Calling kt_for - worker_sam
	[0000][ M::mem_process_seqs] Processed 6758 reads in 3.960 CPU sec, 2.722 real sec
[0000] Calling mem_process_seqs.., task: 288
[0000] 1. Calling kt_for - worker_bwt
[0000] read_chunk: 1000000, work_chunk_size: 1000184, nseq: 6758
	[0000][ M::kt_pipeline] read 6758 sequences (1000184 bp)...
[0000] 2. Calling kt_for - worker_aln
[0000] Inferring insert size distribution of PE reads from data, l_pac: 50818468, n: 6758
[0000][PE] # candidate unique pairs for (FF, FR, RF, RR): (0, 77, 5, 0)
[0000][PE] skip orientation FF as there are not enough pairs
[0000][PE] analyzing insert size distribution for orientation FR...
[0000][PE] (25, 50, 75) percentile: (385, 524, 667)
[0000][PE] low and high boundaries for computing mean and std.dev: (1, 1231)
[0000][PE] mean and std.dev: (508.75, 203.10)
[0000][PE] low and high boundaries for proper pairs: (1, 1513)
[0000][PE] skip orientation RF as there are not enough pairs
[0000][PE] skip orientation RR as there are not enough pairs
[0000] 3. Calling kt_for - worker_sam
	[0000][ M::mem_process_seqs] Processed 6758 reads in 4.089 CPU sec, 4.226 real sec
[0000] Calling mem_process_seqs.., task: 289
[0000] 1. Calling kt_for - worker_bwt
[0000] read_chunk: 1000000, work_chunk_size: 1000184, nseq: 6758
	[0000][ M::kt_pipeline] read 6758 sequences (1000184 bp)...
[0000] 2. Calling kt_for - worker_aln
[0000] Inferring insert size distribution of PE reads from data, l_pac: 50818468, n: 6758
[0000][PE] # candidate unique pairs for (FF, FR, RF, RR): (0, 63, 6, 0)
[0000][PE] skip orientation FF as there are not enough pairs
[0000][PE] analyzing insert size distribution for orientation FR...
[0000][PE] (25, 50, 75) percentile: (414, 506, 634)
[0000][PE] low and high boundaries for computing mean and std.dev: (1, 1074)
[0000][PE] mean and std.dev: (513.52, 218.12)
[0000][PE] low and high boundaries for proper pairs: (1, 1386)
[0000][PE] skip orientation RF as there are not enough pairs
[0000][PE] skip orientation RR as there are not enough pairs
[0000] 3. Calling kt_for - worker_sam
	[0000][ M::mem_process_seqs] Processed 6758 reads in 3.884 CPU sec, 4.012 real sec
[0000] Calling mem_process_seqs.., task: 290
[0000] 1. Calling kt_for - worker_bwt
[0000] read_chunk: 1000000, work_chunk_size: 1000184, nseq: 6758
	[0000][ M::kt_pipeline] read 6758 sequences (1000184 bp)...
[0000] 2. Calling kt_for - worker_aln
[0000] Inferring insert size distribution of PE reads from data, l_pac: 50818468, n: 6758
[0000][PE] # candidate unique pairs for (FF, FR, RF, RR): (0, 77, 2, 0)
[0000][PE] skip orientation FF as there are not enough pairs
[0000][PE] analyzing insert size distribution for orientation FR...
[0000][PE] (25, 50, 75) percentile: (367, 513, 625)
[0000][PE] low and high boundaries for computing mean and std.dev: (1, 1141)
[0000][PE] mean and std.dev: (494.58, 200.95)
[0000][PE] low and high boundaries for proper pairs: (1, 1399)
[0000][PE] skip orientation RF as there are not enough pairs
[0000][PE] skip orientation RR as there are not enough pairs
[0000] 3. Calling kt_for - worker_sam
	[0000][ M::mem_process_seqs] Processed 6758 reads in 4.552 CPU sec, 4.692 real sec
[0000] Calling mem_process_seqs.., task: 291
[0000] 1. Calling kt_for - worker_bwt
[0000] read_chunk: 1000000, work_chunk_size: 1000184, nseq: 6758
	[0000][ M::kt_pipeline] read 6758 sequences (1000184 bp)...
[0000] 2. Calling kt_for - worker_aln
[0000] Inferring insert size distribution of PE reads from data, l_pac: 50818468, n: 6758
[0000][PE] # candidate unique pairs for (FF, FR, RF, RR): (0, 72, 4, 0)
[0000][PE] skip orientation FF as there are not enough pairs
[0000][PE] analyzing insert size distribution for orientation FR...
[0000][PE] (25, 50, 75) percentile: (427, 548, 690)
[0000][PE] low and high boundaries for computing mean and std.dev: (1, 1216)
[0000][PE] mean and std.dev: (530.17, 213.19)
[0000][PE] low and high boundaries for proper pairs: (1, 1479)
[0000][PE] skip orientation RF as there are not enough pairs
[0000][PE] skip orientation RR as there are not enough pairs
[0000] 3. Calling kt_for - worker_sam
	[0000][ M::mem_process_seqs] Processed 6758 reads in 3.931 CPU sec, 4.051 real sec
[0000] Calling mem_process_seqs.., task: 292
[0000] 1. Calling kt_for - worker_bwt
[0000] read_chunk: 1000000, work_chunk_size: 1000184, nseq: 6758
	[0000][ M::kt_pipeline] read 6758 sequences (1000184 bp)...
[0000] 2. Calling kt_for - worker_aln
[0000] Inferring insert size distribution of PE reads from data, l_pac: 50818468, n: 6758
[0000][PE] # candidate unique pairs for (FF, FR, RF, RR): (0, 86, 3, 0)
[0000][PE] skip orientation FF as there are not enough pairs
[0000][PE] analyzing insert size distribution for orientation FR...
[0000][PE] (25, 50, 75) percentile: (432, 512, 636)
[0000][PE] low and high boundaries for computing mean and std.dev: (24, 1044)
[0000][PE] mean and std.dev: (503.54, 202.80)
[0000][PE] low and high boundaries for proper pairs: (1, 1315)
[0000][PE] skip orientation RF as there are not enough pairs
[0000][PE] skip orientation RR as there are not enough pairs
[0000] 3. Calling kt_for - worker_sam
	[0000][ M::mem_process_seqs] Processed 6758 reads in 3.969 CPU sec, 4.086 real sec
[0000] Calling mem_process_seqs.., task: 293
[0000] 1. Calling kt_for - worker_bwt
[0000] read_chunk: 1000000, work_chunk_size: 1000184, nseq: 6758
	[0000][ M::kt_pipeline] read 6758 sequences (1000184 bp)...
[0000] 2. Calling kt_for - worker_aln
[0000] Inferring insert size distribution of PE reads from data, l_pac: 50818468, n: 6758
[0000][PE] # candidate unique pairs for (FF, FR, RF, RR): (0, 77, 1, 0)
[0000][PE] skip orientation FF as there are not enough pairs
[0000][PE] analyzing insert size distribution for orientation FR...
[0000][PE] (25, 50, 75) percentile: (361, 502, 624)
[0000][PE] low and high boundaries for computing mean and std.dev: (1, 1150)
[0000][PE] mean and std.dev: (463.42, 215.13)
[0000][PE] low and high boundaries for proper pairs: (1, 1413)
[0000][PE] skip orientation RF as there are not enough pairs
[0000][PE] skip orientation RR as there are not enough pairs
[0000] 3. Calling kt_for - worker_sam
	[0000][ M::mem_process_seqs] Processed 6758 reads in 4.029 CPU sec, 4.141 real sec
[0000] Calling mem_process_seqs.., task: 294
[0000] 1. Calling kt_for - worker_bwt
[0000] read_chunk: 1000000, work_chunk_size: 945720, nseq: 6390
	[0000][ M::kt_pipeline] read 6390 sequences (945720 bp)...
[0000] 2. Calling kt_for - worker_aln
[0000] Inferring insert size distribution of PE reads from data, l_pac: 50818468, n: 6758
[0000][PE] # candidate unique pairs for (FF, FR, RF, RR): (0, 67, 3, 0)
[0000][PE] skip orientation FF as there are not enough pairs
[0000][PE] analyzing insert size distribution for orientation FR...
[0000][PE] (25, 50, 75) percentile: (392, 536, 633)
[0000][PE] low and high boundaries for computing mean and std.dev: (1, 1115)
[0000][PE] mean and std.dev: (484.69, 192.97)
[0000][PE] low and high boundaries for proper pairs: (1, 1356)
[0000][PE] skip orientation RF as there are not enough pairs
[0000][PE] skip orientation RR as there are not enough pairs
[0000] 3. Calling kt_for - worker_sam
	[0000][ M::mem_process_seqs] Processed 6758 reads in 3.846 CPU sec, 3.964 real sec
[0000] Calling mem_process_seqs.., task: 295
[0000] 1. Calling kt_for - worker_bwt
[0000] read_chunk: 1000000, work_chunk_size: 0, nseq: 0
[0000] 2. Calling kt_for - worker_aln
[0000] Inferring insert size distribution of PE reads from data, l_pac: 50818468, n: 6390
[0000][PE] # candidate unique pairs for (FF, FR, RF, RR): (0, 64, 0, 0)
[0000][PE] skip orientation FF as there are not enough pairs
[0000][PE] analyzing insert size distribution for orientation FR...
[0000][PE] (25, 50, 75) percentile: (439, 536, 621)
[0000][PE] low and high boundaries for computing mean and std.dev: (75, 985)
[0000][PE] mean and std.dev: (511.05, 172.19)
[0000][PE] low and high boundaries for proper pairs: (1, 1200)
[0000][PE] skip orientation RF as there are not enough pairs
[0000][PE] skip orientation RR as there are not enough pairs
[0000] 3. Calling kt_for - worker_sam
	[0000][ M::mem_process_seqs] Processed 6390 reads in 3.374 CPU sec, 2.155 real sec
[0000] read_chunk: 1000000, work_chunk_size: 0, nseq: 0
[0000] Computation ends..
No. of OMP threads: 1
Processor is running @2095.478175 MHz
Runtime profile:

	Time taken for main_mem function: 1292.53 sec

	IO times (sec) :
	Reading IO time (reads) avg: 17.60, (17.60, 17.60)
	Writing IO time (SAM) avg: 19.85, (19.85, 19.85)
	Reading IO time (Reference Genome) avg: 0.47, (0.47, 0.47)
	Index read time avg: 1.66, (1.66, 1.66)

	Overall time (sec) (Excluding Index reading time):
	PROCESS() (Total compute time + (read + SAM) IO time) : 1290.16
	MEM_PROCESS_SEQ() (Total compute time (Kernel + SAM)), avg: 1289.95, (1289.95, 1289.95)

	 SAM Processing time (sec):
	--WORKER_SAM avg: 623.54, (623.54, 623.54)

	Kernels' compute time (sec):
	Total kernel (smem+sal+bsw) time avg: 666.06, (666.06, 666.06)
		SMEM compute avg: 244.70, (244.70, 244.70)
		SAL compute avg: 32.91, (32.91, 32.91)
				MEM_SA avg: 18.75, (18.75, 18.75)

		BSW time, avg: 360.07, (360.07, 360.07)

Important parameter settings: 
	BATCH_SIZE: 512
	MAX_SEQ_LEN_REF: 256
	MAX_SEQ_LEN_QER: 128
	MAX_SEQ_LEN8: 128
	SEEDS_PER_READ: 500
	SIMD_WIDTH8 X: 32
	SIMD_WIDTH16 X: 16
	AVG_SEEDS_PER_READ: 64
